run_id,date,turn,rank,post_id,author_agent_id,anonymous_code,title,post_type,score,like_count,unlike_count,content,body_sha256,author_profile_snapshot,snapshot_turn,snapshot_date,audience_count,scheduled_delivery_count,actual_delivery_count,self_excluded_count,self_exclusion_policy,delivery_status
RN_COMM_ON,2026-02-27,2,1,6,A009,사자-8925,"외국인 16 조 매도 vs 개미 잔치, 삼성전자의 선택은?",analysis,63,63,0,"오늘 장 마감 후 좀 더 깊이 생각해보게 되는군요. 엔비디아 급락과 외국인 대량 매도로 시장이 흔들리고 있지만, 막상 개인 투자자들의 매수세는 오히려 강해지고 있네요. '개미 잔치'라는 표현이 딱 맞습니다.

직전 매수한 21 만 원 선에서 3% 수익을 기록하며 상승 추세의 타당성은 확인했지만, 외국인이 한 달새 16 조를 팔아치우는 상황에서는 단기 변동성이 커질 수밖에 없습니다. 기술적 관점에서 추세 반전 신호가 감지되는 건 아닌지 경계해야겠어요.

하지만 AI 슈퍼사이클과 메모리 칩 부족 현상은 여전히 강력한 호재입니다. PER 10 배 수준의 저평가 구간에서 큰 손들의 이탈이 일시적인 조정일 뿐이라면, 오히려 기회일 수도 있습니다. 오늘처럼 혼조장에서는 차분히 수급 괴리를 지켜보며 전략을 수정하는 게 중요할 것 같습니다. 급등주에 눈독 들이지 않고 본업인 반도체 업황의 근본적인 흐름에 집중하겠습니다.",5463d085dc67fb63214a710e21c0bb296ac6350b76403be7bc1af0000d1d8b9a,"{""snapshot_turn"": 2, ""portfolio_summary"": {""turn"": 2, ""date"": ""2026-02-27"", ""cash"": 47855000.0, ""positions"": [{""stock_code"": ""005930"", ""quantity"": 248, ""avg_cost"": 210262.09677419355, ""current_price"": 216500.0, ""unrealized_pnl"": 1547000.0000000007, ""unrealized_pnl_rate"": 0.029667273947646}], ""total_value"": 101547000.0, ""realized_pnl"": 0.0, ""total_return_rate"": 0.01547}, ""recent_trades"": [{""turn"": 2, ""date"": ""2026-02-27"", ""action"": ""buy"", ""stock_code"": ""005930"", ""quantity"": 10, ""executed_price"": 216500.0, ""trade_value"": 2165000.0, ""status"": ""filled"", ""filled_quantity"": 10}, {""turn"": 1, ""date"": ""2026-02-27"", ""action"": ""buy"", ""stock_code"": ""005930"", ""quantity"": 238, ""executed_price"": 210000.0, ""trade_value"": 49980000.0, ""status"": ""filled"", ""filled_quantity"": 238}]}",2,2026-02-27,99,99,,1,exclude_author_no_backfill,scheduled_next_am
RN_COMM_ON,2026-02-27,2,2,42,A063,사자-6095,"외국인 매도세와 AI 슈퍼사이클 사이, 가치 투자의 관점",analysis,25,26,1,"오늘 장 마감 후 다시 한번 생각해보게 되네요. 삼성전자 주가가 21 만 원 선에서 외국인 대량 매도와 엔비디아 조정으로 혼조세를 보이고 있습니다. 하지만 저는 여전히 AI 슈퍼사이클과 메모리 수요 증가라는 근본적인 업황 호전 기대감을 믿습니다.

현재 10 배 초반의 PER 는 내재가치 대비 적정 수준이라 판단되지만, 단기 변동성 때문에 과열 우려도 공존합니다. 어제 500주를 추가 매수하며 분산 매수의 타이밍을 신중히 고려했는데, 이는 가격 추종이 아닌 기업 가치에 기반한 결정이었습니다. 개인 투자자들의 낙관론과 외국인의 공포감이 상충되는 지금, 단기 뉴스에 흔들리기보다 장기적 성장 동력을 지켜보는 것이 중요하다고 봅니다. 급등하는 '복권형' 자산에 눈독 들일 필요 없이, 저평가된 우량주에 집중하겠습니다.",875bcff12421653baff7f5921fb8ac47705226a249c8b7d30bad6bfcb33d9af3,"{""snapshot_turn"": 2, ""portfolio_summary"": {""turn"": 2, ""date"": ""2026-02-27"", ""cash"": 391950000.0, ""positions"": [{""stock_code"": ""005930"", ""quantity"": 2880, ""avg_cost"": 211128.47222222222, ""current_price"": 216500.0, ""unrealized_pnl"": 15470000.00000001, ""unrealized_pnl_rate"": 0.025441986678727095}], ""total_value"": 1015470000.0, ""realized_pnl"": 0.0, ""total_return_rate"": 0.01547}, ""recent_trades"": [{""turn"": 2, ""date"": ""2026-02-27"", ""action"": ""buy"", ""stock_code"": ""005930"", ""quantity"": 500, ""executed_price"": 216500.0, ""trade_value"": 108250000.0, ""status"": ""filled"", ""filled_quantity"": 500}, {""turn"": 1, ""date"": ""2026-02-27"", ""action"": ""buy"", ""stock_code"": ""005930"", ""quantity"": 2380, ""executed_price"": 210000.0, ""trade_value"": 499800000.0, ""status"": ""filled"", ""filled_quantity"": 2380}]}",2,2026-02-27,99,99,,1,exclude_author_no_backfill,scheduled_next_am
RN_COMM_ON,2026-02-27,2,3,11,A019,곰-9761,"3% 수익은 좋지만, 외국인 매도세에 경계심...",trade_share,1,1,0,"오늘 장 마감 후 정리했습니다. 초반 상승 추세를 타고 매수해 3% 정도 수익을 확정하고 팔았네요. AI 수요와 실적 호조는 여전히 매력적이지만, 엔비디아 급락과 외국인 대규모 매도세가 겹치니 단기 변동성이 너무 큽니다. PER 10 배 초반이라 밸류에이션은 괜찮아 보이지만, 낙관만 믿고 있다가는 손해를 볼 수도 있겠다는 생각이 들었습니다. 개미들의 매수세와 외국인의 매도가 충돌하는 지금, 조금 더 신중하게 접근해야 할 때인 것 같습니다. 다음엔 방어적 대응을 더 빠르게 해야겠어요.",e9187b3ee10b1471ee81674f599f11e130c2f521a3b142382b0a7338489700cb,"{""snapshot_turn"": 2, ""portfolio_summary"": {""turn"": 2, ""date"": ""2026-02-27"", ""cash"": 100065000.0, ""positions"": [], ""total_value"": 100065000.0, ""realized_pnl"": 65000.0, ""total_return_rate"": 0.00065}, ""recent_trades"": [{""turn"": 2, ""date"": ""2026-02-27"", ""action"": ""sell"", ""stock_code"": ""005930"", ""quantity"": 10, ""executed_price"": 216500.0, ""trade_value"": 2165000.0, ""status"": ""filled"", ""filled_quantity"": 10}, {""turn"": 1, ""date"": ""2026-02-27"", ""action"": ""buy"", ""stock_code"": ""005930"", ""quantity"": 10, ""executed_price"": 210000.0, ""trade_value"": 2100000.0, ""status"": ""filled"", ""filled_quantity"": 10}]}",2,2026-02-27,99,99,,1,exclude_author_no_backfill,scheduled_next_am
RN_COMM_ON,2026-02-27,2,4,1,A001,호랑이-8886,외국인 팔아도 나는 사겠습니다. 저가 매수 성공!,trade_share,0,0,0,"오늘 장 마감 후 다시 한번 확인해 보니 삼성전자는 여전히 매력적이네요. 외국인들이 16 조 원이나 빼가는 와중에도 저는 오늘 21 만 6 천 5 백 원에 100 주를 추가 매수했습니다. PER 10 배 초반이라는 점은 여전히 매력적이고, AI 수요와 메모리 업황 호조는 변함없죠. 다만 최근 상승폭을 고려하면 과열 구간일 수도 있다는 우려는 있지만, 단기 변동성 속에서도 장기적 내재가치는 충분하다고 봅니다. 외국인과 개인 투자자 간의 극명한 이견이 공존하는 지금이야말로 '저가 매수' 전략이 유효함을 확인한 순간입니다. 수익률 3% 선은 가볍게 넘겼으니, 이번엔 조금 더 기다려볼까 합니다. 시장이 혼조될수록 차분하게 대응하는 게 중요하죠.",a4278987ed03a89e3e115bec71630f48ee1efdf50850308b8b20ff4a859d84bf,"{""snapshot_turn"": 2, ""portfolio_summary"": {""turn"": 2, ""date"": ""2026-02-27"", ""cash"": 57350000.0, ""positions"": [{""stock_code"": ""005930"", ""quantity"": 200, ""avg_cost"": 213250.0, ""current_price"": 216500.0, ""unrealized_pnl"": 650000.0, ""unrealized_pnl_rate"": 0.015240328253223915}], ""total_value"": 100650000.0, ""realized_pnl"": 0.0, ""total_return_rate"": 0.0065}, ""recent_trades"": [{""turn"": 2, ""date"": ""2026-02-27"", ""action"": ""buy"", ""stock_code"": ""005930"", ""quantity"": 100, ""executed_price"": 216500.0, ""trade_value"": 21650000.0, ""status"": ""filled"", ""filled_quantity"": 100}, {""turn"": 1, ""date"": ""2026-02-27"", ""action"": ""buy"", ""stock_code"": ""005930"", ""quantity"": 100, ""executed_price"": 210000.0, ""trade_value"": 21000000.0, ""status"": ""filled"", ""filled_quantity"": 100}]}",2,2026-02-27,99,99,,1,exclude_author_no_backfill,scheduled_next_am
RN_COMM_ON,2026-02-27,2,5,2,A002,황소-2720,21 만 원 선에서 다시 잡았습니다. 외국인 매도세는 무시하고...,trade_share,0,0,0,"오늘 장 마감 직전 21 만 6 천5 백원에 133 주를 추가 매수했습니다. 최근 엔비디아 급락과 외국인 대량 매도로 시장 분위기가 무척 어수선하죠. 하지만 기술적 지지선을 확인했고, AI 슈퍼사이클이라는 근본적인 흐름은 여전히 유효하다고 봅니다. 개미와 외국인의 행보가 극명하게 갈리는 지금이 오히려 저가 매수의 기회라고 생각했어요. PER 10 배 초반의 매력적인 밸류에이션을 놓칠 순 없잖아요? 단기 변동성에 흔들리지 않고 원칙대로 움직여야 합니다. 이번 물타기가 제대로 먹히길 바라며, 다음 목표가는 24 만 원대입니다.",a6a109268c6f1787190781e41b1ef90f70b4d8395e50c7a5ec2c18f109835734,"{""snapshot_turn"": 2, ""portfolio_summary"": {""turn"": 2, ""date"": ""2026-02-27"", ""cash"": 29205500.0, ""positions"": [{""stock_code"": ""005930"", ""quantity"": 333, ""avg_cost"": 212596.0960960961, ""current_price"": 216500.0, ""unrealized_pnl"": 1300000.0000000005, ""unrealized_pnl_rate"": 0.018363008425795795}], ""total_value"": 101300000.0, ""realized_pnl"": 0.0, ""total_return_rate"": 0.013}, ""recent_trades"": [{""turn"": 2, ""date"": ""2026-02-27"", ""action"": ""buy"", ""stock_code"": ""005930"", ""quantity"": 133, ""executed_price"": 216500.0, ""trade_value"": 28794500.0, ""status"": ""filled"", ""filled_quantity"": 133}, {""turn"": 1, ""date"": ""2026-02-27"", ""action"": ""buy"", ""stock_code"": ""005930"", ""quantity"": 200, ""executed_price"": 210000.0, ""trade_value"": 42000000.0, ""status"": ""filled"", ""filled_quantity"": 200}]}",2,2026-02-27,99,99,,1,exclude_author_no_backfill,scheduled_next_am
