run_id,date,turn,subturn,stock_code,agent_id,action,quantity,executed_price,status
chunk_010_2026-05-06_2026-05-12,2026-05-06,1,am,005930,A001,buy,50,254000.0,filled
chunk_010_2026-05-06_2026-05-12,2026-05-06,1,am,005930,A002,buy,100,254000.0,filled
chunk_010_2026-05-06_2026-05-12,2026-05-06,1,am,005930,A003,buy,150,254000.0,filled
chunk_010_2026-05-06_2026-05-12,2026-05-06,1,am,005930,A004,buy,100,254000.0,filled
chunk_010_2026-05-06_2026-05-12,2026-05-06,1,am,005930,A005,buy,150,254000.0,filled
chunk_010_2026-05-06_2026-05-12,2026-05-06,1,am,005930,A006,buy,100,254000.0,filled
chunk_010_2026-05-06_2026-05-12,2026-05-06,1,am,005930,A007,buy,100,254000.0,filled
chunk_010_2026-05-06_2026-05-12,2026-05-06,1,am,005930,A008,buy,150,254000.0,filled
chunk_010_2026-05-06_2026-05-12,2026-05-06,1,am,005930,A009,buy,150,254000.0,filled
chunk_010_2026-05-06_2026-05-12,2026-05-06,1,am,005930,A010,buy,100,254000.0,filled
chunk_010_2026-05-06_2026-05-12,2026-05-06,1,am,005930,A011,buy,100,254000.0,filled
chunk_010_2026-05-06_2026-05-12,2026-05-06,1,am,005930,A012,buy,100,254000.0,filled
chunk_010_2026-05-06_2026-05-12,2026-05-06,1,am,005930,A013,buy,196,254000.0,filled
chunk_010_2026-05-06_2026-05-12,2026-05-06,1,am,005930,A014,buy,100,254000.0,filled
chunk_010_2026-05-06_2026-05-12,2026-05-06,1,am,005930,A015,buy,100,254000.0,filled
chunk_010_2026-05-06_2026-05-12,2026-05-06,1,am,005930,A016,buy,50,254000.0,filled
chunk_010_2026-05-06_2026-05-12,2026-05-06,1,am,005930,A017,buy,100,254000.0,filled
chunk_010_2026-05-06_2026-05-12,2026-05-06,1,am,005930,A018,buy,196,254000.0,filled
chunk_010_2026-05-06_2026-05-12,2026-05-06,1,am,005930,A019,buy,50,254000.0,filled
chunk_010_2026-05-06_2026-05-12,2026-05-06,1,am,005930,A020,buy,196,254000.0,filled
chunk_010_2026-05-06_2026-05-12,2026-05-06,1,am,005930,A021,buy,100,254000.0,filled
chunk_010_2026-05-06_2026-05-12,2026-05-06,1,am,005930,A022,buy,100,254000.0,filled
chunk_010_2026-05-06_2026-05-12,2026-05-06,1,am,005930,A023,buy,50,254000.0,filled
chunk_010_2026-05-06_2026-05-12,2026-05-06,1,am,005930,A024,buy,196,254000.0,filled
chunk_010_2026-05-06_2026-05-12,2026-05-06,1,am,005930,A025,buy,50,254000.0,filled
chunk_010_2026-05-06_2026-05-12,2026-05-06,1,am,005930,A026,buy,100,254000.0,filled
chunk_010_2026-05-06_2026-05-12,2026-05-06,1,am,005930,A027,buy,150,254000.0,filled
chunk_010_2026-05-06_2026-05-12,2026-05-06,1,am,005930,A028,buy,150,254000.0,filled
chunk_010_2026-05-06_2026-05-12,2026-05-06,1,am,005930,A029,buy,196,254000.0,filled
chunk_010_2026-05-06_2026-05-12,2026-05-06,1,am,005930,A030,buy,10,254000.0,filled
chunk_010_2026-05-06_2026-05-12,2026-05-06,2,pm,005930,A002,buy,100,266000.0,filled
chunk_010_2026-05-06_2026-05-12,2026-05-06,2,pm,005930,A003,buy,100,266000.0,filled
chunk_010_2026-05-06_2026-05-12,2026-05-06,2,pm,005930,A004,buy,100,266000.0,filled
chunk_010_2026-05-06_2026-05-12,2026-05-06,2,pm,005930,A005,buy,100,266000.0,filled
chunk_010_2026-05-06_2026-05-12,2026-05-06,2,pm,005930,A006,buy,140,266000.0,filled
chunk_010_2026-05-06_2026-05-12,2026-05-06,2,pm,005930,A008,buy,116,266000.0,filled
chunk_010_2026-05-06_2026-05-12,2026-05-06,2,pm,005930,A009,buy,80,266000.0,filled
chunk_010_2026-05-06_2026-05-12,2026-05-06,2,pm,005930,A010,buy,50,266000.0,filled
chunk_010_2026-05-06_2026-05-12,2026-05-06,2,pm,005930,A011,buy,140,266000.0,filled
chunk_010_2026-05-06_2026-05-12,2026-05-06,2,pm,005930,A012,buy,100,266000.0,filled
chunk_010_2026-05-06_2026-05-12,2026-05-06,2,pm,005930,A013,buy,80,266000.0,filled
chunk_010_2026-05-06_2026-05-12,2026-05-06,2,pm,005930,A014,buy,100,266000.0,filled
chunk_010_2026-05-06_2026-05-12,2026-05-06,2,pm,005930,A021,buy,50,266000.0,filled
chunk_010_2026-05-06_2026-05-12,2026-05-06,2,pm,005930,A023,buy,100,266000.0,filled
chunk_010_2026-05-06_2026-05-12,2026-05-06,2,pm,005930,A024,buy,94,266000.0,filled
chunk_010_2026-05-06_2026-05-12,2026-05-06,2,pm,005930,A025,buy,100,266000.0,filled
chunk_010_2026-05-06_2026-05-12,2026-05-06,2,pm,005930,A026,buy,100,266000.0,filled
chunk_010_2026-05-06_2026-05-12,2026-05-06,2,pm,005930,A027,buy,50,266000.0,filled
chunk_010_2026-05-06_2026-05-12,2026-05-06,2,pm,005930,A028,buy,116,266000.0,filled
chunk_010_2026-05-06_2026-05-12,2026-05-06,2,pm,005930,A029,buy,94,266000.0,filled
chunk_010_2026-05-06_2026-05-12,2026-05-06,2,pm,005930,A001,sell,1,266000.0,filled
chunk_010_2026-05-06_2026-05-12,2026-05-06,2,pm,005930,A007,sell,50,266000.0,filled
chunk_010_2026-05-06_2026-05-12,2026-05-06,2,pm,005930,A015,sell,50,266000.0,filled
chunk_010_2026-05-06_2026-05-12,2026-05-06,2,pm,005930,A016,sell,50,266000.0,filled
chunk_010_2026-05-06_2026-05-12,2026-05-06,2,pm,005930,A017,sell,100,266000.0,filled
chunk_010_2026-05-06_2026-05-12,2026-05-06,2,pm,005930,A018,sell,100,266000.0,filled
chunk_010_2026-05-06_2026-05-12,2026-05-06,2,pm,005930,A019,sell,50,266000.0,filled
chunk_010_2026-05-06_2026-05-12,2026-05-06,2,pm,005930,A020,sell,100,266000.0,filled
chunk_010_2026-05-06_2026-05-12,2026-05-06,2,pm,005930,A022,sell,50,266000.0,filled
chunk_010_2026-05-06_2026-05-12,2026-05-06,2,pm,005930,A030,sell,10,266000.0,filled
chunk_010_2026-05-06_2026-05-12,2026-05-07,3,am,005930,A001,buy,150,272000.0,filled
chunk_010_2026-05-06_2026-05-12,2026-05-07,3,am,005930,A003,buy,64,272000.0,filled
chunk_010_2026-05-06_2026-05-12,2026-05-07,3,am,005930,A004,buy,50,272000.0,filled
chunk_010_2026-05-06_2026-05-12,2026-05-07,3,am,005930,A005,buy,64,272000.0,filled
chunk_010_2026-05-06_2026-05-12,2026-05-07,3,am,005930,A007,buy,100,272000.0,filled
chunk_010_2026-05-06_2026-05-12,2026-05-07,3,am,005930,A008,buy,50,272000.0,filled
chunk_010_2026-05-06_2026-05-12,2026-05-07,3,am,005930,A009,buy,50,272000.0,filled
chunk_010_2026-05-06_2026-05-12,2026-05-07,3,am,005930,A010,buy,100,272000.0,filled
chunk_010_2026-05-06_2026-05-12,2026-05-07,3,am,005930,A011,buy,20,272000.0,filled
chunk_010_2026-05-06_2026-05-12,2026-05-07,3,am,005930,A014,buy,88,272000.0,filled
chunk_010_2026-05-06_2026-05-12,2026-05-07,3,am,005930,A016,buy,50,272000.0,filled
chunk_010_2026-05-06_2026-05-12,2026-05-07,3,am,005930,A017,buy,100,272000.0,filled
chunk_010_2026-05-06_2026-05-12,2026-05-07,3,am,005930,A018,buy,100,272000.0,filled
chunk_010_2026-05-06_2026-05-12,2026-05-07,3,am,005930,A019,buy,150,272000.0,filled
chunk_010_2026-05-06_2026-05-12,2026-05-07,3,am,005930,A020,buy,100,272000.0,filled
chunk_010_2026-05-06_2026-05-12,2026-05-07,3,am,005930,A021,buy,50,272000.0,filled
chunk_010_2026-05-06_2026-05-12,2026-05-07,3,am,005930,A024,buy,46,272000.0,filled
chunk_010_2026-05-06_2026-05-12,2026-05-07,3,am,005930,A026,buy,60,272000.0,filled
chunk_010_2026-05-06_2026-05-12,2026-05-07,3,am,005930,A027,buy,80,272000.0,filled
chunk_010_2026-05-06_2026-05-12,2026-05-07,3,am,005930,A028,buy,57,272000.0,filled
chunk_010_2026-05-06_2026-05-12,2026-05-07,3,am,005930,A029,buy,40,272000.0,filled
chunk_010_2026-05-06_2026-05-12,2026-05-07,3,am,005930,A030,buy,1,272000.0,filled
chunk_010_2026-05-06_2026-05-12,2026-05-07,3,am,005930,A002,sell,50,272000.0,filled
chunk_010_2026-05-06_2026-05-12,2026-05-07,3,am,005930,A006,sell,100,272000.0,filled
chunk_010_2026-05-06_2026-05-12,2026-05-07,3,am,005930,A012,sell,88,272000.0,filled
chunk_010_2026-05-06_2026-05-12,2026-05-07,3,am,005930,A013,sell,50,272000.0,filled
chunk_010_2026-05-06_2026-05-12,2026-05-07,3,am,005930,A015,sell,50,272000.0,filled
chunk_010_2026-05-06_2026-05-12,2026-05-07,3,am,005930,A022,sell,1,272000.0,filled
chunk_010_2026-05-06_2026-05-12,2026-05-07,3,am,005930,A023,sell,10,272000.0,filled
chunk_010_2026-05-06_2026-05-12,2026-05-07,3,am,005930,A025,sell,100,272000.0,filled
chunk_010_2026-05-06_2026-05-12,2026-05-07,4,pm,005930,A003,buy,15,271500.0,filled
chunk_010_2026-05-06_2026-05-12,2026-05-07,4,pm,005930,A007,buy,100,271500.0,filled
chunk_010_2026-05-06_2026-05-12,2026-05-07,4,pm,005930,A008,buy,20,271500.0,filled
chunk_010_2026-05-06_2026-05-12,2026-05-07,4,pm,005930,A009,buy,49,271500.0,filled
chunk_010_2026-05-06_2026-05-12,2026-05-07,4,pm,005930,A011,buy,35,271500.0,filled
chunk_010_2026-05-06_2026-05-12,2026-05-07,4,pm,005930,A012,buy,100,271500.0,filled
chunk_010_2026-05-06_2026-05-12,2026-05-07,4,pm,005930,A014,buy,44,271500.0,filled
chunk_010_2026-05-06_2026-05-12,2026-05-07,4,pm,005930,A015,buy,150,271500.0,filled
chunk_010_2026-05-06_2026-05-12,2026-05-07,4,pm,005930,A017,buy,100,271500.0,filled
chunk_010_2026-05-06_2026-05-12,2026-05-07,4,pm,005930,A023,buy,50,271500.0,filled
chunk_010_2026-05-06_2026-05-12,2026-05-07,4,pm,005930,A024,buy,23,271500.0,filled
chunk_010_2026-05-06_2026-05-12,2026-05-07,4,pm,005930,A025,buy,50,271500.0,filled
chunk_010_2026-05-06_2026-05-12,2026-05-07,4,pm,005930,A026,buy,50,271500.0,filled
chunk_010_2026-05-06_2026-05-12,2026-05-07,4,pm,005930,A027,buy,20,271500.0,filled
chunk_010_2026-05-06_2026-05-12,2026-05-07,4,pm,005930,A001,sell,50,271500.0,filled
chunk_010_2026-05-06_2026-05-12,2026-05-07,4,pm,005930,A002,sell,50,271500.0,filled
chunk_010_2026-05-06_2026-05-12,2026-05-07,4,pm,005930,A004,sell,63,271500.0,filled
chunk_010_2026-05-06_2026-05-12,2026-05-07,4,pm,005930,A005,sell,20,271500.0,filled
chunk_010_2026-05-06_2026-05-12,2026-05-07,4,pm,005930,A006,sell,50,271500.0,filled
chunk_010_2026-05-06_2026-05-12,2026-05-07,4,pm,005930,A010,sell,50,271500.0,filled
chunk_010_2026-05-06_2026-05-12,2026-05-07,4,pm,005930,A013,sell,78,271500.0,filled
chunk_010_2026-05-06_2026-05-12,2026-05-07,4,pm,005930,A016,sell,50,271500.0,filled
chunk_010_2026-05-06_2026-05-12,2026-05-07,4,pm,005930,A018,sell,30,271500.0,filled
chunk_010_2026-05-06_2026-05-12,2026-05-07,4,pm,005930,A019,sell,50,271500.0,filled
chunk_010_2026-05-06_2026-05-12,2026-05-07,4,pm,005930,A020,sell,10,271500.0,filled
chunk_010_2026-05-06_2026-05-12,2026-05-07,4,pm,005930,A021,sell,50,271500.0,filled
chunk_010_2026-05-06_2026-05-12,2026-05-07,4,pm,005930,A022,sell,25,271500.0,filled
chunk_010_2026-05-06_2026-05-12,2026-05-07,4,pm,005930,A028,sell,1,271500.0,filled
chunk_010_2026-05-06_2026-05-12,2026-05-07,4,pm,005930,A029,sell,26,271500.0,filled
chunk_010_2026-05-06_2026-05-12,2026-05-07,4,pm,005930,A030,sell,1,271500.0,filled
chunk_010_2026-05-06_2026-05-12,2026-05-08,5,am,005930,A001,buy,116,260000.0,filled
chunk_010_2026-05-06_2026-05-12,2026-05-08,5,am,005930,A003,buy,26,260000.0,filled
chunk_010_2026-05-06_2026-05-12,2026-05-08,5,am,005930,A004,buy,99,260000.0,filled
chunk_010_2026-05-06_2026-05-12,2026-05-08,5,am,005930,A005,buy,44,260000.0,filled
chunk_010_2026-05-06_2026-05-12,2026-05-08,5,am,005930,A006,buy,100,260000.0,filled
chunk_010_2026-05-06_2026-05-12,2026-05-08,5,am,005930,A009,buy,15,260000.0,filled
chunk_010_2026-05-06_2026-05-12,2026-05-08,5,am,005930,A011,buy,43,260000.0,filled
chunk_010_2026-05-06_2026-05-12,2026-05-08,5,am,005930,A012,buy,10,260000.0,filled
chunk_010_2026-05-06_2026-05-12,2026-05-08,5,am,005930,A013,buy,50,260000.0,filled
chunk_010_2026-05-06_2026-05-12,2026-05-08,5,am,005930,A015,buy,100,260000.0,filled
chunk_010_2026-05-06_2026-05-12,2026-05-08,5,am,005930,A016,buy,100,260000.0,filled
chunk_010_2026-05-06_2026-05-12,2026-05-08,5,am,005930,A018,buy,100,260000.0,filled
chunk_010_2026-05-06_2026-05-12,2026-05-08,5,am,005930,A019,buy,100,260000.0,filled
chunk_010_2026-05-06_2026-05-12,2026-05-08,5,am,005930,A020,buy,100,260000.0,filled
chunk_010_2026-05-06_2026-05-12,2026-05-08,5,am,005930,A021,buy,100,260000.0,filled
chunk_010_2026-05-06_2026-05-12,2026-05-08,5,am,005930,A022,buy,100,260000.0,filled
chunk_010_2026-05-06_2026-05-12,2026-05-08,5,am,005930,A024,buy,12,260000.0,filled
chunk_010_2026-05-06_2026-05-12,2026-05-08,5,am,005930,A025,buy,50,260000.0,filled
chunk_010_2026-05-06_2026-05-12,2026-05-08,5,am,005930,A026,buy,30,260000.0,filled
chunk_010_2026-05-06_2026-05-12,2026-05-08,5,am,005930,A027,buy,30,260000.0,filled
chunk_010_2026-05-06_2026-05-12,2026-05-08,5,am,005930,A028,buy,30,260000.0,filled
chunk_010_2026-05-06_2026-05-12,2026-05-08,5,am,005930,A029,buy,41,260000.0,filled
chunk_010_2026-05-06_2026-05-12,2026-05-08,5,am,005930,A030,buy,100,260000.0,filled
chunk_010_2026-05-06_2026-05-12,2026-05-08,5,am,005930,A002,sell,100,260000.0,filled
chunk_010_2026-05-06_2026-05-12,2026-05-08,5,am,005930,A007,sell,64,260000.0,filled
chunk_010_2026-05-06_2026-05-12,2026-05-08,5,am,005930,A008,sell,50,260000.0,filled
chunk_010_2026-05-06_2026-05-12,2026-05-08,5,am,005930,A010,sell,1,260000.0,filled
chunk_010_2026-05-06_2026-05-12,2026-05-08,5,am,005930,A014,sell,23,260000.0,filled
chunk_010_2026-05-06_2026-05-12,2026-05-08,5,am,005930,A017,sell,100,260000.0,filled
chunk_010_2026-05-06_2026-05-12,2026-05-08,5,am,005930,A023,sell,10,260000.0,filled
chunk_010_2026-05-06_2026-05-12,2026-05-08,6,pm,005930,A001,buy,50,268500.0,filled
chunk_010_2026-05-06_2026-05-12,2026-05-08,6,pm,005930,A002,buy,100,268500.0,filled
chunk_010_2026-05-06_2026-05-12,2026-05-08,6,pm,005930,A003,buy,13,268500.0,filled
chunk_010_2026-05-06_2026-05-12,2026-05-08,6,pm,005930,A005,buy,15,268500.0,filled
chunk_010_2026-05-06_2026-05-12,2026-05-08,6,pm,005930,A006,buy,80,268500.0,filled
chunk_010_2026-05-06_2026-05-12,2026-05-08,6,pm,005930,A008,buy,46,268500.0,filled
chunk_010_2026-05-06_2026-05-12,2026-05-08,6,pm,005930,A009,buy,10,268500.0,filled
chunk_010_2026-05-06_2026-05-12,2026-05-08,6,pm,005930,A010,buy,80,268500.0,filled
chunk_010_2026-05-06_2026-05-12,2026-05-08,6,pm,005930,A011,buy,20,268500.0,filled
chunk_010_2026-05-06_2026-05-12,2026-05-08,6,pm,005930,A012,buy,70,268500.0,filled
chunk_010_2026-05-06_2026-05-12,2026-05-08,6,pm,005930,A013,buy,50,268500.0,filled
chunk_010_2026-05-06_2026-05-12,2026-05-08,6,pm,005930,A014,buy,30,268500.0,filled
chunk_010_2026-05-06_2026-05-12,2026-05-08,6,pm,005930,A015,buy,64,268500.0,filled
chunk_010_2026-05-06_2026-05-12,2026-05-08,6,pm,005930,A016,buy,100,268500.0,filled
chunk_010_2026-05-06_2026-05-12,2026-05-08,6,pm,005930,A017,buy,100,268500.0,filled
chunk_010_2026-05-06_2026-05-12,2026-05-08,6,pm,005930,A018,buy,59,268500.0,filled
chunk_010_2026-05-06_2026-05-12,2026-05-08,6,pm,005930,A020,buy,49,268500.0,filled
chunk_010_2026-05-06_2026-05-12,2026-05-08,6,pm,005930,A021,buy,25,268500.0,filled
chunk_010_2026-05-06_2026-05-12,2026-05-08,6,pm,005930,A023,buy,50,268500.0,filled
chunk_010_2026-05-06_2026-05-12,2026-05-08,6,pm,005930,A024,buy,6,268500.0,filled
chunk_010_2026-05-06_2026-05-12,2026-05-08,6,pm,005930,A025,buy,100,268500.0,filled
chunk_010_2026-05-06_2026-05-12,2026-05-08,6,pm,005930,A026,buy,19,268500.0,filled
chunk_010_2026-05-06_2026-05-12,2026-05-08,6,pm,005930,A028,buy,14,268500.0,filled
chunk_010_2026-05-06_2026-05-12,2026-05-08,6,pm,005930,A029,buy,15,268500.0,filled
chunk_010_2026-05-06_2026-05-12,2026-05-08,6,pm,005930,A004,sell,100,268500.0,filled
chunk_010_2026-05-06_2026-05-12,2026-05-08,6,pm,005930,A007,sell,50,268500.0,filled
chunk_010_2026-05-06_2026-05-12,2026-05-08,6,pm,005930,A019,sell,88,268500.0,filled
chunk_010_2026-05-06_2026-05-12,2026-05-08,6,pm,005930,A022,sell,50,268500.0,filled
chunk_010_2026-05-06_2026-05-12,2026-05-08,6,pm,005930,A027,sell,100,268500.0,filled
chunk_010_2026-05-06_2026-05-12,2026-05-08,6,pm,005930,A030,sell,1,268500.0,filled
chunk_010_2026-05-06_2026-05-12,2026-05-11,7,am,005930,A001,buy,29,284500.0,filled
chunk_010_2026-05-06_2026-05-12,2026-05-11,7,am,005930,A002,buy,50,284500.0,filled
chunk_010_2026-05-06_2026-05-12,2026-05-11,7,am,005930,A007,buy,50,284500.0,filled
chunk_010_2026-05-06_2026-05-12,2026-05-11,7,am,005930,A008,buy,10,284500.0,filled
chunk_010_2026-05-06_2026-05-12,2026-05-11,7,am,005930,A009,buy,6,284500.0,filled
chunk_010_2026-05-06_2026-05-12,2026-05-11,7,am,005930,A011,buy,10,284500.0,filled
chunk_010_2026-05-06_2026-05-12,2026-05-11,7,am,005930,A012,buy,41,284500.0,filled
chunk_010_2026-05-06_2026-05-12,2026-05-11,7,am,005930,A013,buy,50,284500.0,filled
chunk_010_2026-05-06_2026-05-12,2026-05-11,7,am,005930,A018,buy,27,284500.0,filled
chunk_010_2026-05-06_2026-05-12,2026-05-11,7,am,005930,A024,buy,3,284500.0,filled
chunk_010_2026-05-06_2026-05-12,2026-05-11,7,am,005930,A025,buy,60,284500.0,filled
chunk_010_2026-05-06_2026-05-12,2026-05-11,7,am,005930,A027,buy,60,284500.0,filled
chunk_010_2026-05-06_2026-05-12,2026-05-11,7,am,005930,A028,buy,7,284500.0,filled
chunk_010_2026-05-06_2026-05-12,2026-05-11,7,am,005930,A003,sell,5,284500.0,filled
chunk_010_2026-05-06_2026-05-12,2026-05-11,7,am,005930,A004,sell,90,284500.0,filled
chunk_010_2026-05-06_2026-05-12,2026-05-11,7,am,005930,A005,sell,10,284500.0,filled
chunk_010_2026-05-06_2026-05-12,2026-05-11,7,am,005930,A006,sell,80,284500.0,filled
chunk_010_2026-05-06_2026-05-12,2026-05-11,7,am,005930,A010,sell,46,284500.0,filled
chunk_010_2026-05-06_2026-05-12,2026-05-11,7,am,005930,A014,sell,17,284500.0,filled
chunk_010_2026-05-06_2026-05-12,2026-05-11,7,am,005930,A015,sell,20,284500.0,filled
chunk_010_2026-05-06_2026-05-12,2026-05-11,7,am,005930,A016,sell,50,284500.0,filled
chunk_010_2026-05-06_2026-05-12,2026-05-11,7,am,005930,A017,sell,50,284500.0,filled
chunk_010_2026-05-06_2026-05-12,2026-05-11,7,am,005930,A019,sell,112,284500.0,filled
chunk_010_2026-05-06_2026-05-12,2026-05-11,7,am,005930,A020,sell,23,284500.0,filled
chunk_010_2026-05-06_2026-05-12,2026-05-11,7,am,005930,A021,sell,10,284500.0,filled
chunk_010_2026-05-06_2026-05-12,2026-05-11,7,am,005930,A022,sell,10,284500.0,filled
chunk_010_2026-05-06_2026-05-12,2026-05-11,7,am,005930,A023,sell,20,284500.0,filled
chunk_010_2026-05-06_2026-05-12,2026-05-11,7,am,005930,A026,sell,5,284500.0,filled
chunk_010_2026-05-06_2026-05-12,2026-05-11,7,am,005930,A029,sell,11,284500.0,filled
chunk_010_2026-05-06_2026-05-12,2026-05-11,7,am,005930,A030,sell,10,284500.0,filled
chunk_010_2026-05-06_2026-05-12,2026-05-11,8,pm,005930,A008,buy,17,285500.0,filled
chunk_010_2026-05-06_2026-05-12,2026-05-11,8,pm,005930,A009,buy,5,285500.0,filled
chunk_010_2026-05-06_2026-05-12,2026-05-11,8,pm,005930,A011,buy,5,285500.0,filled
chunk_010_2026-05-06_2026-05-12,2026-05-11,8,pm,005930,A018,buy,14,285500.0,filled
chunk_010_2026-05-06_2026-05-12,2026-05-11,8,pm,005930,A019,buy,20,285500.0,filled
chunk_010_2026-05-06_2026-05-12,2026-05-11,8,pm,005930,A024,buy,1,285500.0,filled
chunk_010_2026-05-06_2026-05-12,2026-05-11,8,pm,005930,A027,buy,40,285500.0,filled
chunk_010_2026-05-06_2026-05-12,2026-05-11,8,pm,005930,A028,buy,3,285500.0,filled
chunk_010_2026-05-06_2026-05-12,2026-05-11,8,pm,005930,A001,sell,50,285500.0,filled
chunk_010_2026-05-06_2026-05-12,2026-05-11,8,pm,005930,A002,sell,50,285500.0,filled
chunk_010_2026-05-06_2026-05-12,2026-05-11,8,pm,005930,A003,sell,5,285500.0,filled
chunk_010_2026-05-06_2026-05-12,2026-05-11,8,pm,005930,A004,sell,96,285500.0,filled
chunk_010_2026-05-06_2026-05-12,2026-05-11,8,pm,005930,A005,sell,15,285500.0,filled
chunk_010_2026-05-06_2026-05-12,2026-05-11,8,pm,005930,A006,sell,100,285500.0,filled
chunk_010_2026-05-06_2026-05-12,2026-05-11,8,pm,005930,A007,sell,86,285500.0,filled
chunk_010_2026-05-06_2026-05-12,2026-05-11,8,pm,005930,A010,sell,50,285500.0,filled
chunk_010_2026-05-06_2026-05-12,2026-05-11,8,pm,005930,A012,sell,150,285500.0,filled
chunk_010_2026-05-06_2026-05-12,2026-05-11,8,pm,005930,A013,sell,40,285500.0,filled
chunk_010_2026-05-06_2026-05-12,2026-05-11,8,pm,005930,A014,sell,20,285500.0,filled
chunk_010_2026-05-06_2026-05-12,2026-05-11,8,pm,005930,A015,sell,40,285500.0,filled
chunk_010_2026-05-06_2026-05-12,2026-05-11,8,pm,005930,A016,sell,100,285500.0,filled
chunk_010_2026-05-06_2026-05-12,2026-05-11,8,pm,005930,A017,sell,100,285500.0,filled
chunk_010_2026-05-06_2026-05-12,2026-05-11,8,pm,005930,A020,sell,50,285500.0,filled
chunk_010_2026-05-06_2026-05-12,2026-05-11,8,pm,005930,A021,sell,10,285500.0,filled
chunk_010_2026-05-06_2026-05-12,2026-05-11,8,pm,005930,A022,sell,40,285500.0,filled
chunk_010_2026-05-06_2026-05-12,2026-05-11,8,pm,005930,A023,sell,50,285500.0,filled
chunk_010_2026-05-06_2026-05-12,2026-05-11,8,pm,005930,A025,sell,30,285500.0,filled
chunk_010_2026-05-06_2026-05-12,2026-05-11,8,pm,005930,A026,sell,11,285500.0,filled
chunk_010_2026-05-06_2026-05-12,2026-05-11,8,pm,005930,A029,sell,100,285500.0,filled
chunk_010_2026-05-06_2026-05-12,2026-05-11,8,pm,005930,A030,sell,10,285500.0,filled
chunk_010_2026-05-06_2026-05-12,2026-05-12,9,am,005930,A002,buy,10,290000.0,filled
chunk_010_2026-05-06_2026-05-12,2026-05-12,9,am,005930,A003,buy,11,290000.0,filled
chunk_010_2026-05-06_2026-05-12,2026-05-12,9,am,005930,A004,buy,100,290000.0,filled
chunk_010_2026-05-06_2026-05-12,2026-05-12,9,am,005930,A006,buy,100,290000.0,filled
chunk_010_2026-05-06_2026-05-12,2026-05-12,9,am,005930,A008,buy,8,290000.0,filled
chunk_010_2026-05-06_2026-05-12,2026-05-12,9,am,005930,A009,buy,1,290000.0,filled
chunk_010_2026-05-06_2026-05-12,2026-05-12,9,am,005930,A012,buy,50,290000.0,filled
chunk_010_2026-05-06_2026-05-12,2026-05-12,9,am,005930,A016,buy,100,290000.0,filled
chunk_010_2026-05-06_2026-05-12,2026-05-12,9,am,005930,A018,buy,7,290000.0,filled
chunk_010_2026-05-06_2026-05-12,2026-05-12,9,am,005930,A020,buy,58,290000.0,filled
chunk_010_2026-05-06_2026-05-12,2026-05-12,9,am,005930,A023,buy,50,290000.0,filled
chunk_010_2026-05-06_2026-05-12,2026-05-12,9,am,005930,A024,buy,1,290000.0,filled
chunk_010_2026-05-06_2026-05-12,2026-05-12,9,am,005930,A028,buy,2,290000.0,filled
chunk_010_2026-05-06_2026-05-12,2026-05-12,9,am,005930,A001,sell,39,290000.0,filled
chunk_010_2026-05-06_2026-05-12,2026-05-12,9,am,005930,A005,sell,20,290000.0,filled
chunk_010_2026-05-06_2026-05-12,2026-05-12,9,am,005930,A007,sell,50,290000.0,filled
chunk_010_2026-05-06_2026-05-12,2026-05-12,9,am,005930,A010,sell,50,290000.0,filled
chunk_010_2026-05-06_2026-05-12,2026-05-12,9,am,005930,A011,sell,1,290000.0,filled
chunk_010_2026-05-06_2026-05-12,2026-05-12,9,am,005930,A013,sell,50,290000.0,filled
chunk_010_2026-05-06_2026-05-12,2026-05-12,9,am,005930,A014,sell,35,290000.0,filled
chunk_010_2026-05-06_2026-05-12,2026-05-12,9,am,005930,A015,sell,50,290000.0,filled
chunk_010_2026-05-06_2026-05-12,2026-05-12,9,am,005930,A017,sell,30,290000.0,filled
chunk_010_2026-05-06_2026-05-12,2026-05-12,9,am,005930,A019,sell,20,290000.0,filled
chunk_010_2026-05-06_2026-05-12,2026-05-12,9,am,005930,A021,sell,10,290000.0,filled
chunk_010_2026-05-06_2026-05-12,2026-05-12,9,am,005930,A022,sell,10,290000.0,filled
chunk_010_2026-05-06_2026-05-12,2026-05-12,9,am,005930,A025,sell,44,290000.0,filled
chunk_010_2026-05-06_2026-05-12,2026-05-12,9,am,005930,A026,sell,10,290000.0,filled
chunk_010_2026-05-06_2026-05-12,2026-05-12,9,am,005930,A027,sell,20,290000.0,filled
chunk_010_2026-05-06_2026-05-12,2026-05-12,9,am,005930,A029,sell,100,290000.0,filled
chunk_010_2026-05-06_2026-05-12,2026-05-12,9,am,005930,A030,sell,40,290000.0,filled
chunk_010_2026-05-06_2026-05-12,2026-05-12,10,pm,005930,A001,buy,40,279000.0,filled
chunk_010_2026-05-06_2026-05-12,2026-05-12,10,pm,005930,A002,buy,50,279000.0,filled
chunk_010_2026-05-06_2026-05-12,2026-05-12,10,pm,005930,A003,buy,5,279000.0,filled
chunk_010_2026-05-06_2026-05-12,2026-05-12,10,pm,005930,A004,buy,100,279000.0,filled
chunk_010_2026-05-06_2026-05-12,2026-05-12,10,pm,005930,A005,buy,37,279000.0,filled
chunk_010_2026-05-06_2026-05-12,2026-05-12,10,pm,005930,A006,buy,94,279000.0,filled
chunk_010_2026-05-06_2026-05-12,2026-05-12,10,pm,005930,A008,buy,4,279000.0,filled
chunk_010_2026-05-06_2026-05-12,2026-05-12,10,pm,005930,A010,buy,100,279000.0,filled
chunk_010_2026-05-06_2026-05-12,2026-05-12,10,pm,005930,A013,buy,50,279000.0,filled
chunk_010_2026-05-06_2026-05-12,2026-05-12,10,pm,005930,A014,buy,50,279000.0,filled
chunk_010_2026-05-06_2026-05-12,2026-05-12,10,pm,005930,A016,buy,50,279000.0,filled
chunk_010_2026-05-06_2026-05-12,2026-05-12,10,pm,005930,A017,buy,150,279000.0,filled
chunk_010_2026-05-06_2026-05-12,2026-05-12,10,pm,005930,A018,buy,3,279000.0,filled
chunk_010_2026-05-06_2026-05-12,2026-05-12,10,pm,005930,A019,buy,150,279000.0,filled
chunk_010_2026-05-06_2026-05-12,2026-05-12,10,pm,005930,A021,buy,10,279000.0,filled
chunk_010_2026-05-06_2026-05-12,2026-05-12,10,pm,005930,A022,buy,100,279000.0,filled
chunk_010_2026-05-06_2026-05-12,2026-05-12,10,pm,005930,A023,buy,50,279000.0,filled
chunk_010_2026-05-06_2026-05-12,2026-05-12,10,pm,005930,A025,buy,50,279000.0,filled
chunk_010_2026-05-06_2026-05-12,2026-05-12,10,pm,005930,A026,buy,22,279000.0,filled
chunk_010_2026-05-06_2026-05-12,2026-05-12,10,pm,005930,A027,buy,31,279000.0,filled
chunk_010_2026-05-06_2026-05-12,2026-05-12,10,pm,005930,A028,buy,1,279000.0,filled
chunk_010_2026-05-06_2026-05-12,2026-05-12,10,pm,005930,A029,buy,120,279000.0,filled
chunk_010_2026-05-06_2026-05-12,2026-05-12,10,pm,005930,A007,sell,50,279000.0,filled
chunk_010_2026-05-06_2026-05-12,2026-05-12,10,pm,005930,A009,sell,6,279000.0,filled
chunk_010_2026-05-06_2026-05-12,2026-05-12,10,pm,005930,A011,sell,1,279000.0,filled
chunk_010_2026-05-06_2026-05-12,2026-05-12,10,pm,005930,A012,sell,60,279000.0,filled
chunk_010_2026-05-06_2026-05-12,2026-05-12,10,pm,005930,A015,sell,50,279000.0,filled
chunk_010_2026-05-06_2026-05-12,2026-05-12,10,pm,005930,A020,sell,50,279000.0,filled
chunk_010_2026-05-06_2026-05-12,2026-05-12,10,pm,005930,A024,sell,50,279000.0,filled
chunk_010_2026-05-06_2026-05-12,2026-05-12,10,pm,005930,A030,sell,20,279000.0,filled
