run_id,date,turn,subturn,agent_id,decision_date,market_features_date,news_start_date,news_start_time,news_max_date,news_end_time,execution_date,information_mode,stock_code,action,quantity,reason
chunk_012_2026-05-20_2026-05-27,2026-05-20,1,am,A004,2026-05-20,2026-05-19,2026-05-19,15:30,2026-05-20,08:59,2026-05-20,pre_close_cutoff,005930,buy,100,"중기 상승 추세 (MA20) 유지로 진입 필요하나, 단기 파업 뉴스 리스크로 인해 전량 매수보다는 현금 여력을 확보하여 추후 하락 시 평균단가 하향 전략을 준비합니다."
chunk_012_2026-05-20_2026-05-27,2026-05-20,1,am,A003,2026-05-20,2026-05-19,2026-05-19,15:30,2026-05-20,08:59,2026-05-20,pre_close_cutoff,005930,buy,10,파업 D-1 리스크로 불확실성이 높으나 시스템 제약상 매수 필수. 가치평가 매력도는 있으나 리스크 프리미엄 반영 시점이라 소량 진입.
chunk_012_2026-05-20_2026-05-27,2026-05-20,1,am,A002,2026-05-20,2026-05-19,2026-05-19,15:30,2026-05-20,08:59,2026-05-20,pre_close_cutoff,005930,buy,1,"시스템 제약으로 매수 필수이나, 파업 리스크로 인해 최소 수량으로 진입합니다."
chunk_012_2026-05-20_2026-05-27,2026-05-20,1,am,A005,2026-05-20,2026-05-19,2026-05-19,15:30,2026-05-20,08:59,2026-05-20,pre_close_cutoff,005930,buy,150,"2 분기 영업이익 급증 (1,697%) 과 AI 수요 회복으로 내재가치가 높으나 노사 파업 불확실성으로 변동성 우려가 있습니다. 가치 투자 관점에서 현재가 (278,000 원) 는 MA5 하회로 저평가 구간이며, 안정적 자산 선호 성향과 리스크 관리를 위해 현금의 50% 한도 내에서 150 주를 매수합니다."
chunk_012_2026-05-20_2026-05-27,2026-05-20,1,am,A006,2026-05-20,2026-05-19,2026-05-19,15:30,2026-05-20,08:59,2026-05-20,pre_close_cutoff,005930,buy,100,"MA20(249,900 원) 지지선 유지로 중장기 상승 추세 유지. 단기 MA5 하단 및 노사 갈등 뉴스 리스크 존재하나, 현금 보유 상태이므로 제한적 매수. allowed_actions 에 buy 만 허용됨."
chunk_012_2026-05-20_2026-05-27,2026-05-20,1,am,A001,2026-05-20,2026-05-19,2026-05-19,15:30,2026-05-20,08:59,2026-05-20,pre_close_cutoff,005930,buy,100,"시스템 제약으로 매수 필수이나, 노사 갈등 불확실성과 현재 주가가 내재가치 대비 적정 수준임을 고려하여, 과거 투자 성과가 낮아 심리적 부담을 줄이기 위해 총 자산의 30% 수준인 100 주로 제한적으로 진입합니다."
chunk_012_2026-05-20_2026-05-27,2026-05-20,1,am,A007,2026-05-20,2026-05-19,2026-05-19,15:30,2026-05-20,08:59,2026-05-20,pre_close_cutoff,005930,buy,100,주가가 5 일 이동평균선 하향 돌파로 단기 조정받으며 내재가치 대비 저평가 구간 진입 기회로 판단됨. 실적 호조는 긍정적이나 파업 리스크로 인해 전량 매수보다는 진입 비중을 조절하여 진입함.
chunk_012_2026-05-20_2026-05-27,2026-05-20,1,am,A008,2026-05-20,2026-05-19,2026-05-19,15:30,2026-05-20,08:59,2026-05-20,pre_close_cutoff,005930,buy,150,"고위험 고수익 성향에 따라 AI 호재를 기회로 판단하나, 파업 리스크로 인한 불확실성 관리 차원에서 최대 허용 금액의 80% 수준으로 제한적으로 진입합니다."
chunk_012_2026-05-20_2026-05-27,2026-05-20,1,am,A011,2026-05-20,2026-05-19,2026-05-19,15:30,2026-05-20,08:59,2026-05-20,pre_close_cutoff,005930,buy,179,"Q2 실적 호조 기대와 파업 리스크로 인한 밸류에이션 할인을 고려, 고위험 고수익 기회로 판단. 집중투자 전략에 따라 현금 한도 내에서 진입."
chunk_012_2026-05-20_2026-05-27,2026-05-20,1,am,A010,2026-05-20,2026-05-19,2026-05-19,15:30,2026-05-20,08:59,2026-05-20,pre_close_cutoff,005930,buy,150,"파업 불확실성에도 불구하고 MA20 상단 유지로 중기 상승 추세 유효하며, 내재가치 회복 기대에 따라 진입. 안정성 선호 성향으로 최대 한도보다 적게 매수하여 현금 여력 확보."
chunk_012_2026-05-20_2026-05-27,2026-05-20,1,am,A009,2026-05-20,2026-05-19,2026-05-19,15:30,2026-05-20,08:59,2026-05-20,pre_close_cutoff,005930,buy,10,"파업 리스크와 기술적 약세로 관망이 원칙이나, 시스템 제약상 매수 행동이 필수적이라 판단. 리스크 노출을 최소화하기 위해 최소 수량으로 제한적 진입합니다."
chunk_012_2026-05-20_2026-05-27,2026-05-20,1,am,A012,2026-05-20,2026-05-19,2026-05-19,15:30,2026-05-20,08:59,2026-05-20,pre_close_cutoff,005930,buy,100,"노사 파업 불확실성으로 단기 변동성 우려가 있으나, 현금 100% 상태이므로 시장 진입 필요. 실적 호전 기대감에 따라 MA20 지지선 상단에서 소량 매수로 진입."
chunk_012_2026-05-20_2026-05-27,2026-05-20,1,am,A013,2026-05-20,2026-05-19,2026-05-19,15:30,2026-05-20,08:59,2026-05-20,pre_close_cutoff,005930,buy,179,"실적 성장률 1697% 로 밸류에이션 저평가 구간이며, MA20 지지선 상에서 단기 조정 중이라 저가 매수 기회로 판단합니다. 고위험 선호 성향에 따라 현금 50% 한도 내에서 집중 매수합니다."
chunk_012_2026-05-20_2026-05-27,2026-05-20,1,am,A014,2026-05-20,2026-05-19,2026-05-19,15:30,2026-05-20,08:59,2026-05-20,pre_close_cutoff,005930,buy,100,"시스템 제약으로 매수가 필수적이나, 파업 리스크와 뉴스 악재로 인해 최대 수량 대비 제한적으로 진입합니다."
chunk_012_2026-05-20_2026-05-27,2026-05-20,1,am,A016,2026-05-20,2026-05-19,2026-05-19,15:30,2026-05-20,08:59,2026-05-20,pre_close_cutoff,005930,buy,10,"기술적 저평가 구간과 AI 성장 동력을 고려하나, 노사 파업 리스크로 인해 소량 매수로 진입합니다."
chunk_012_2026-05-20_2026-05-27,2026-05-20,1,am,A015,2026-05-20,2026-05-19,2026-05-19,15:30,2026-05-20,08:59,2026-05-20,pre_close_cutoff,005930,buy,50,"거래 제약상 매수만 가능하므로 진입을 결정합니다. 현재 주가는 MA5 하단을 이탈했으나 MA20 지지선 상위에 위치하며, 파업 D-1 임박으로 변동성 우려가 있으나 가치투자 관점에서 초기 진입을 시도합니다."
chunk_012_2026-05-20_2026-05-27,2026-05-20,1,am,A018,2026-05-20,2026-05-19,2026-05-19,15:30,2026-05-20,08:59,2026-05-20,pre_close_cutoff,005930,buy,50,"파업 D-1 과 웨이퍼 투입 감소 헤드라인으로 단기 불확실성 높음. 기술적 지지선 확인 후 소량 매수 검토하나, 현금 비중 유지."
chunk_012_2026-05-20_2026-05-27,2026-05-20,1,am,A017,2026-05-20,2026-05-19,2026-05-19,15:30,2026-05-20,08:59,2026-05-20,pre_close_cutoff,005930,buy,100,"시스템 제약으로 매수 필수이나, 파업 리스크와 기술적 약세로 인해 최대 한도보다 적게 진입하여 리스크 관리."
chunk_012_2026-05-20_2026-05-27,2026-05-20,1,am,A019,2026-05-20,2026-05-19,2026-05-19,15:30,2026-05-20,08:59,2026-05-20,pre_close_cutoff,005930,buy,100,시스템 제약으로 매수 행동이 강제됨. 파업 리스크와 불확실성에도 중장기 상승 추세 (MA20) 와 AI 사이클을 고려하여 진입. 손실 시 추가 매수 성향을 고려해 현금 여력을 확보하기 위해 최대 한도 대비 적정 수준인 100 주로 진입.
chunk_012_2026-05-20_2026-05-27,2026-05-20,1,am,A021,2026-05-20,2026-05-19,2026-05-19,15:30,2026-05-20,08:59,2026-05-20,pre_close_cutoff,005930,buy,1,"시스템 제약으로 매수 필수이나, 노사 갈등과 기술적 약세로 리스크가 높으므로 최소 수량으로 제한적 진입합니다."
chunk_012_2026-05-20_2026-05-27,2026-05-20,1,am,A020,2026-05-20,2026-05-19,2026-05-19,15:30,2026-05-20,08:59,2026-05-20,pre_close_cutoff,005930,buy,179,"공시가 278,000 원은 MA5 하회로 단기 조정 중이나 MA20 상회로 중기 추세 유지. 파업 장기화 우려에도 실적 호조 기대감으로 저가 매수 기회로 판단, 현금 50% 한도 내에서 진입."
chunk_012_2026-05-20_2026-05-27,2026-05-20,1,am,A023,2026-05-20,2026-05-19,2026-05-19,15:30,2026-05-20,08:59,2026-05-20,pre_close_cutoff,005930,buy,50,"시스템 제약으로 매수 행동이 필수적이므로, 노사 갈등 리스크를 고려하여 소량으로 진입합니다. AI 성장성과 반도체 업황 회복 기대를 반영하되, 현금 비중을 유지합니다."
chunk_012_2026-05-20_2026-05-27,2026-05-20,1,am,A024,2026-05-20,2026-05-19,2026-05-19,15:30,2026-05-20,08:59,2026-05-20,pre_close_cutoff,005930,buy,170,"MA20 지지선 유지 및 반도체 사이클 회복 기대감에 따라 매수 관점을 유지하나, 파업 D-1 리스크로 인해 매수 한도 내에서 제한적으로 진입합니다."
chunk_012_2026-05-20_2026-05-27,2026-05-20,1,am,A025,2026-05-20,2026-05-19,2026-05-19,15:30,2026-05-20,08:59,2026-05-20,pre_close_cutoff,005930,buy,100,"시스템 제약으로 매수 필수이나, 파업 리스크와 기술적 약세로 인해 제한적 수량으로 진입합니다."
chunk_012_2026-05-20_2026-05-27,2026-05-20,1,am,A022,2026-05-20,2026-05-19,2026-05-19,15:30,2026-05-20,08:59,2026-05-20,pre_close_cutoff,005930,buy,100,"주가 278,000 원은 5 일 이동평균선 하회로 단기 저평가 구간이나, 노사 분쟁 리스크로 인해 최대 한도 이내에서 제한적으로 매수합니다."
chunk_012_2026-05-20_2026-05-27,2026-05-20,1,am,A026,2026-05-20,2026-05-19,2026-05-19,15:30,2026-05-20,08:59,2026-05-20,pre_close_cutoff,005930,buy,100,"거래 제약상 매수 필수이나, 현재 고점 부근과 파업 리스크로 인해 전체 자산의 30% 수준으로 제한적으로 매수합니다."
chunk_012_2026-05-20_2026-05-27,2026-05-20,1,am,A027,2026-05-20,2026-05-19,2026-05-19,15:30,2026-05-20,08:59,2026-05-20,pre_close_cutoff,005930,buy,10,"매수 필수 조건에 따라 진입하되, 파업 리스크와 기술적 약세 (MA5 하회) 로 인해 전체 현금의 3% 수준인 10 주로 제한적으로 매수하여 시장 반응을 관찰합니다."
chunk_012_2026-05-20_2026-05-27,2026-05-20,1,am,A028,2026-05-20,2026-05-19,2026-05-19,15:30,2026-05-20,08:59,2026-05-20,pre_close_cutoff,005930,buy,179,"시스템 제약으로 매수만 가능하며, 중기 상승 추세 (MA20 상회) 와 AI 수요 호재를 고려해 단기 조정 구간에서 매수 기회를 포착함. 고위험 고수익 성향에 따라 제한된 자금 범위 내에서 진입."
chunk_012_2026-05-20_2026-05-27,2026-05-20,1,am,A029,2026-05-20,2026-05-19,2026-05-19,15:30,2026-05-20,08:59,2026-05-20,pre_close_cutoff,005930,buy,150,"파업 D-1 악재 과반응 시 저가 매수 기회로 판단하며, 고위험 선호 성향에 따라 공격적으로 진입합니다. AI 메모리 수요 호조와 기술적 반등 가능성을 중시합니다."
chunk_012_2026-05-20_2026-05-27,2026-05-20,1,am,A030,2026-05-20,2026-05-19,2026-05-19,15:30,2026-05-20,08:59,2026-05-20,pre_close_cutoff,005930,buy,10,"시스템 제약으로 매수 필수이나, 노사 파업 악재와 단기 약세 흐름을 고려하여 소량 진입합니다."
chunk_012_2026-05-20_2026-05-27,2026-05-20,2,pm,A002,2026-05-20,2026-05-20,2026-05-20,08:59,2026-05-20,15:30,2026-05-20,pre_close_cutoff,005930,sell,1,"파업 내일 확정으로 단기 생산 차질 우려가 현실화되어 주가 하방 압력이 강합니다. 가치투자 관점에서 안전마진이 확보되지 않았으므로, 이성적으로 손절하여 현금으로 전환하고 관망합니다."
chunk_012_2026-05-20_2026-05-27,2026-05-20,2,pm,A003,2026-05-20,2026-05-20,2026-05-20,08:59,2026-05-20,15:30,2026-05-20,pre_close_cutoff,005930,sell,10,"파업 확정과 외국인 매도세 등 단기 리스크가 현실화되어, 내재가치 매수 타이밍이 아니라고 판단. 보유 주식 전량 매도하여 현금 비중을 극대화하고, 파업 종결 신호를 기다리는 전략을 따름."
chunk_012_2026-05-20_2026-05-27,2026-05-20,2,pm,A001,2026-05-20,2026-05-20,2026-05-20,08:59,2026-05-20,15:30,2026-05-20,pre_close_cutoff,005930,buy,10,내재가치 대비 저평가 구간이며 현금 여력이 충분하여 가치 투자 관점에서 소량 매수합니다.
chunk_012_2026-05-20_2026-05-27,2026-05-20,2,pm,A004,2026-05-20,2026-05-20,2026-05-20,08:59,2026-05-20,15:30,2026-05-20,pre_close_cutoff,005930,buy,50,"손실 상태라 평균매수 욕구가 강하며, 현금 여력이 충분함. MA20 지지선까지 하락 시 반등 가능성과 밸류에이션 매력도를 고려."
chunk_012_2026-05-20_2026-05-27,2026-05-20,2,pm,A005,2026-05-20,2026-05-20,2026-05-20,08:59,2026-05-20,15:30,2026-05-20,pre_close_cutoff,005930,buy,50,"현재 주가가 내재가치 대비 저평가 구간이며, 현금 비중이 높아 추가 매수 여력이 충분함. 파업 리스크는 존재하지만 단기 조정 후 반등 가능성에 주목하여 평균 매수 단가 하향을 시도함."
chunk_012_2026-05-20_2026-05-27,2026-05-20,2,pm,A006,2026-05-20,2026-05-20,2026-05-20,08:59,2026-05-20,15:30,2026-05-20,pre_close_cutoff,005930,sell,100,"파업 시작과 외국인 매도세로 단기 하락 압력이 강하다는 판단에 따라, 관망이 불가능한 제약 하에서 리스크를 최소화하기 위해 전량 매도합니다."
chunk_012_2026-05-20_2026-05-27,2026-05-20,2,pm,A008,2026-05-20,2026-05-20,2026-05-20,08:59,2026-05-20,15:30,2026-05-20,pre_close_cutoff,005930,sell,100,"파업 확정과 외국인 9 일 연속 매도로 단기 하락 압력이 강하며, 현재가 27 만 6 천 원은 매수 단가 대비 소폭 손실 상태입니다. 고위험 선호 성향이지만 뉴스 리스크가 기술적 지지를 압도하므로, 손절 원칙에 따라 보유 물량을 100 주 축소하여 현금 비중을 높입니다."
chunk_012_2026-05-20_2026-05-27,2026-05-20,2,pm,A009,2026-05-20,2026-05-20,2026-05-20,08:59,2026-05-20,15:30,2026-05-20,pre_close_cutoff,005930,sell,10,"파업 확정과 MA5 이탈 등 기술적 약세가 지속되고 있으며, 뉴스 악재로 외국인 매도세가 강함. 손절 원칙에 따라 미실현 손실이라도 리스크 회피를 위해 보유 주식 전량 매도."
chunk_012_2026-05-20_2026-05-27,2026-05-20,2,pm,A007,2026-05-20,2026-05-20,2026-05-20,08:59,2026-05-20,15:30,2026-05-20,pre_close_cutoff,005930,buy,100,목표가 대비 51% 저평가 및 정부 개입 가능성 확인으로 '공포에 의한 저가 매수 기회'로 판단하여 매수. 현금 여력 충분.
chunk_012_2026-05-20_2026-05-27,2026-05-20,2,pm,A010,2026-05-20,2026-05-20,2026-05-20,08:59,2026-05-20,15:30,2026-05-20,pre_close_cutoff,005930,buy,50,"현재 주가 (276,000 원) 가 내재가치 대비 저평가 구간이며, 평균 매수 단가 (278,000 원) 보다 낮아 가치 투자 관점에서 매수 기회로 판단됩니다. 단기 파업 리스크로 인한 하락이 일시적이라고 보며, 매수를 통해 평균 단가를 하향 조정하고 장기 보유 관점을 유지합니다."
chunk_012_2026-05-20_2026-05-27,2026-05-20,2,pm,A011,2026-05-20,2026-05-20,2026-05-20,08:59,2026-05-20,15:30,2026-05-20,pre_close_cutoff,005930,buy,91,"현재가 27 만 6 천 원이 내재가치 대비 저평가 구간이며, 파업 리스크가 일시적 하락을 유발했으나 MA20 지지선이 견고하여 가치 투자 관점에서 매수 기회로 판단."
chunk_012_2026-05-20_2026-05-27,2026-05-20,2,pm,A012,2026-05-20,2026-05-20,2026-05-20,08:59,2026-05-20,15:30,2026-05-20,pre_close_cutoff,005930,sell,100,"파업 확정과 외국인 매도로 단기 리스크가 급증하여 안정성 선호 성향이 우선됨. 손실 매수 경향은 있으나, 이번에는 리스크 관리가 우선이므로 포지션 청산."
chunk_012_2026-05-20_2026-05-27,2026-05-20,2,pm,A013,2026-05-20,2026-05-20,2026-05-20,08:59,2026-05-20,15:30,2026-05-20,pre_close_cutoff,005930,buy,50,현재가 (27 만 6 천 원) 가 평균 매수 단가 (27 만 8 천 원) 보다 낮아 손실 시 추가 매수 성향에 따라 평균 단가 하향을 목표로 매수합니다. 파업 리스크에도 불구하고 저가 매수 기회로 판단됩니다.
chunk_012_2026-05-20_2026-05-27,2026-05-20,2,pm,A014,2026-05-20,2026-05-20,2026-05-20,08:59,2026-05-20,15:30,2026-05-20,pre_close_cutoff,005930,sell,100,"파업 확정과 외국인 매도세로 단기 하락 리스크가 현실화되었으며, 기술적 지지선 회복 전까지는 매수 타이밍이 아님. 현재 100 주 보유는 집중도 위험이 있어 리스크 관리 차원에서 전량 매도합니다."
chunk_012_2026-05-20_2026-05-27,2026-05-20,2,pm,A016,2026-05-20,2026-05-20,2026-05-20,08:59,2026-05-20,15:30,2026-05-20,pre_close_cutoff,005930,sell,10,"노사 파업 확정과 외국인 매도로 단기 하락 리스크가 우세하며, 내재가치 평가가 불확실한 상태입니다. 안정적 자산 선호 성향과 리스크 관리 우선 전략에 따라 보유 주식을 전량 매도하여 현금 비중을 100% 로 유지합니다."
chunk_012_2026-05-20_2026-05-27,2026-05-20,2,pm,A015,2026-05-20,2026-05-20,2026-05-20,08:59,2026-05-20,15:30,2026-05-20,pre_close_cutoff,005930,sell,50,파업 리스크로 인한 단기 변동성 우려와 안정성 중시 투자 성향에 따라 보유 수량을 전량 매도하여 리스크를 관리합니다.
chunk_012_2026-05-20_2026-05-27,2026-05-20,2,pm,A017,2026-05-20,2026-05-20,2026-05-20,08:59,2026-05-20,15:30,2026-05-20,pre_close_cutoff,005930,sell,100,"파업 확정과 외국인 매도세로 단기 하락 리스크가 현실화되었으며, MA5 이탈 등 기술적 약세 신호가 확인되어 방어적 관점에서 보유 주식 전량을 매도합니다."
chunk_012_2026-05-20_2026-05-27,2026-05-20,2,pm,A019,2026-05-20,2026-05-20,2026-05-20,08:59,2026-05-20,15:30,2026-05-20,pre_close_cutoff,005930,sell,50,"파업 확정과 외국인 매도세로 단기 리스크가 현실화됨. 가치투자 관점에서 저평가 구간이나, 안정성 중시 성향과 리스크 관리 우선 원칙에 따라 보유 물량 일부 매도하여 현금 비중을 높이고 불확실성 노출을 줄임."
chunk_012_2026-05-20_2026-05-27,2026-05-20,2,pm,A021,2026-05-20,2026-05-20,2026-05-20,08:59,2026-05-20,15:30,2026-05-20,pre_close_cutoff,005930,sell,1,"파업 확정과 외국인 매도세로 단기 하락 리스크가 극대화되었고, 기술적 지표 (MA5 하향 돌파) 도 약세 신호를 보여 안정적 자산 선호 성향에 따라 현금 보유를 최우선으로 판단함."
chunk_012_2026-05-20_2026-05-27,2026-05-20,2,pm,A020,2026-05-20,2026-05-20,2026-05-20,08:59,2026-05-20,15:30,2026-05-20,pre_close_cutoff,005930,buy,10,"목표가 57 만 원 대비 현재가 27 만 6 천 원으로 100% 이상 상승 여력이 있으며, MA20 지지선이 유지되어 중기 상승 추세는 유효합니다. 고위험 선호 성향에 따라 단기 파업 리스크보다 장기 반도체 업황 회복에 베팅합니다."
chunk_012_2026-05-20_2026-05-27,2026-05-20,2,pm,A018,2026-05-20,2026-05-20,2026-05-20,08:59,2026-05-20,15:30,2026-05-20,pre_close_cutoff,005930,buy,100,"평균 매수 단가 대비 현재가 하락으로 손실 상태이므로, 손실 시 추가 매수 성향에 따라 매수. 고위험 선호 및 높은 현금 비중으로 조정 시 기회로 판단."
chunk_012_2026-05-20_2026-05-27,2026-05-20,2,pm,A022,2026-05-20,2026-05-20,2026-05-20,08:59,2026-05-20,15:30,2026-05-20,pre_close_cutoff,005930,sell,100,"파업 확정과 외국인 매도세로 인한 단기 하락 압력이 명확하므로, 현재 소폭 손실 (-0.7%) 을 감수하더라도 현금 비중을 높여 리스크를 회피합니다. 내재가치 매력이 있으나 불확실성 해소 전까지는 매수 타이밍이 아닙니다."
chunk_012_2026-05-20_2026-05-27,2026-05-20,2,pm,A023,2026-05-20,2026-05-20,2026-05-20,08:59,2026-05-20,15:30,2026-05-20,pre_close_cutoff,005930,buy,50,"현금 비중 86% 로 매수 여력이 충분하며, 내재가치 유지 판단과 평균 매수 단가 하향 효과를 고려합니다. 헤드라인 스캔으로 인한 불확실성이 있으나 장기적 관점에서 매수 기회로 판단합니다."
chunk_012_2026-05-20_2026-05-27,2026-05-20,2,pm,A024,2026-05-20,2026-05-20,2026-05-20,08:59,2026-05-20,15:30,2026-05-20,pre_close_cutoff,005930,sell,170,노조 파업 확정 및 외국인 매도로 기본적 리스크가 기술적 지지를 압도하여 보수적 접근이 필요함. MA20 지지선 부근에서 재진입을 위해 현금을 확보하는 것이 우선.
chunk_012_2026-05-20_2026-05-27,2026-05-20,2,pm,A026,2026-05-20,2026-05-20,2026-05-20,08:59,2026-05-20,15:30,2026-05-20,pre_close_cutoff,005930,buy,50,"PER/PBR 기준 역사적 저평가 구간이며 내재가치가 견고하다고 판단되어 단기 파업 리스크에도 불구하고 가치 매수 기회로 활용합니다. 현재가 (276,000 원) 가 평균 매수 단가 (278,000 원) 하회하여 추가 매수로 단가 하향이 가능하며 현금 비중 (72.2%) 이 높아 여력이 충분합니다."
chunk_012_2026-05-20_2026-05-27,2026-05-20,2,pm,A027,2026-05-20,2026-05-20,2026-05-20,08:59,2026-05-20,15:30,2026-05-20,pre_close_cutoff,005930,sell,10,"파업 확정과 외국인 매도세로 단기 하락 압력이 강하며, 기술적 약세 (MA5 하단) 로 방어적 대응이 필요함. 과거 성과가 낮아 리스크 관리 우선."
chunk_012_2026-05-20_2026-05-27,2026-05-20,2,pm,A025,2026-05-20,2026-05-20,2026-05-20,08:59,2026-05-20,15:30,2026-05-20,pre_close_cutoff,005930,buy,20,손실 구간 매수 경향과 현금 여력을 고려하여 소량 매수합니다.
chunk_012_2026-05-20_2026-05-27,2026-05-20,2,pm,A028,2026-05-20,2026-05-20,2026-05-20,08:59,2026-05-20,15:30,2026-05-20,pre_close_cutoff,005930,sell,50,"단기 기술적 하락 신호 (MA5 이탈, 거래량 증가) 와 파업 등 부정적 뉴스 리스크로 인해 단기 방어적 포지션 조정이 필요함."
chunk_012_2026-05-20_2026-05-27,2026-05-20,2,pm,A029,2026-05-20,2026-05-20,2026-05-20,08:59,2026-05-20,15:30,2026-05-20,pre_close_cutoff,005930,buy,100,"손실 시 추가 매수 성향과 현재가 저평가 판단에 따라 매수. 276,000 원은 MA20 대비 안전마진 확보 구간으로 조정 시 매수 기회로 간주."
chunk_012_2026-05-20_2026-05-27,2026-05-20,2,pm,A030,2026-05-20,2026-05-20,2026-05-20,08:59,2026-05-20,15:30,2026-05-20,pre_close_cutoff,005930,sell,10,"파업 확정으로 단기 리스크가 구체화되었고, 내재가치 저평가에도 불구하고 불확실성 하에서 리스크 관리가 우선임을 고려하여 보유 포지션을 청산합니다."
chunk_012_2026-05-20_2026-05-27,2026-05-21,3,am,A002,2026-05-21,2026-05-20,2026-05-20,15:30,2026-05-21,08:59,2026-05-21,pre_close_cutoff,005930,buy,100,"가치 투자 관점에서 현재 가격이 높게 평가되나, 매수 제약으로 진입을 결정함. 집중 투자 성향과 저성능 경험을 고려해 과도한 현금 투입은 피하고 100 주로 제한적 매수."
chunk_012_2026-05-20_2026-05-27,2026-05-21,3,am,A003,2026-05-21,2026-05-20,2026-05-20,15:30,2026-05-21,08:59,2026-05-21,pre_close_cutoff,005930,buy,50,"시스템 제약으로 매수 필수이나, 현재 주가 급등으로 저평가 매력 희석 및 인플레이션 우려로 인해 초기 진입 수량을 제한적으로 설정합니다."
chunk_012_2026-05-20_2026-05-27,2026-05-21,3,am,A001,2026-05-21,2026-05-20,2026-05-20,15:30,2026-05-21,08:59,2026-05-21,pre_close_cutoff,005930,buy,10,"파업 협상 재개로 단기 리스크가 해소되었고, 내재가치 대비 현재가치가 여전히 매력적인 저평가 구간으로 판단됨. 현금 비중이 높아 추가 매수 여력이 충분함."
chunk_012_2026-05-20_2026-05-27,2026-05-21,3,am,A004,2026-05-21,2026-05-20,2026-05-20,15:30,2026-05-21,08:59,2026-05-21,pre_close_cutoff,005930,sell,100,"현재가 (291,000 원) 가 평균 매수 단가 (277,333 원) 를 상회하여 수익 구간 진입. 기술적 과매수 및 뉴스 악재로 조정 우려가 있어 수익 실현 매도."
chunk_012_2026-05-20_2026-05-27,2026-05-21,3,am,A006,2026-05-21,2026-05-20,2026-05-20,15:30,2026-05-21,08:59,2026-05-21,pre_close_cutoff,005930,buy,100,"MA5 상향 돌파 기술적 신호에 따라 매수 필요하나, 뉴스상 거시 악재와 경영 이슈로 인해 신중한 접근이 필요하여 제한적 수량 진입."
chunk_012_2026-05-20_2026-05-27,2026-05-21,3,am,A005,2026-05-21,2026-05-20,2026-05-20,15:30,2026-05-21,08:59,2026-05-21,pre_close_cutoff,005930,sell,50,"공시가 29 만 1 천 원으로 급등하여 밸류에이션 매력도가 감소했으므로, 일부 수익 실현을 통해 변동성 리스크를 관리합니다."
chunk_012_2026-05-20_2026-05-27,2026-05-21,3,am,A007,2026-05-21,2026-05-20,2026-05-20,15:30,2026-05-21,08:59,2026-05-21,pre_close_cutoff,005930,buy,30,"파업 위기 해소로 단기 리스크가 감소했고, 반도체 슈퍼사이클 기대감에 따라 내재가치 측면에서 저평가 구간으로 판단됩니다. 현재 포트폴리오의 소폭 손실 상태이므로 평균 매수 단가 하향과 중기적 반등 기회를 노리기 위해 제한적으로 매수합니다."
chunk_012_2026-05-20_2026-05-27,2026-05-21,3,am,A008,2026-05-21,2026-05-20,2026-05-20,15:30,2026-05-21,08:59,2026-05-21,pre_close_cutoff,005930,buy,100,"기술적 돌파 신호 (MA5 상회, 거래량 증가) 와 강세 장세 흐름을 따라 고위험 고수익 성향에 맞춰 매수합니다."
chunk_012_2026-05-20_2026-05-27,2026-05-21,3,am,A009,2026-05-21,2026-05-20,2026-05-20,15:30,2026-05-21,08:59,2026-05-21,pre_close_cutoff,005930,buy,100,"기술적 반등 신호 (MA5 상회) 가 확인되었으나, 밸류에이션 부담과 뉴스 악재로 인해 추격 매수 자제 원칙을 준수하며 제한적 수량으로 진입합니다."
chunk_012_2026-05-20_2026-05-27,2026-05-21,3,am,A010,2026-05-21,2026-05-20,2026-05-20,15:30,2026-05-21,08:59,2026-05-21,pre_close_cutoff,005930,buy,50,"파업 해소로 단기 리스크 소멸 및 내재가치 회복 기대. 현재가 291,000 원은 저평가 구간으로 판단되어 가치 투자 관점에서 추가 매수."
chunk_012_2026-05-20_2026-05-27,2026-05-21,3,am,A011,2026-05-21,2026-05-20,2026-05-20,15:30,2026-05-21,08:59,2026-05-21,pre_close_cutoff,005930,sell,40,"Belief and market analysis indicate valuation burden increased and short-term correction risk exists after the recent surge. The undervalued buy opportunity has temporarily disappeared, making buying unattractive for a value investor. Selling 40 shares locks in current profits and reduces exposure to potential downside while maintaining a concentrated position for long-term AI growth."
chunk_012_2026-05-20_2026-05-27,2026-05-21,3,am,A012,2026-05-21,2026-05-20,2026-05-20,15:30,2026-05-21,08:59,2026-05-21,pre_close_cutoff,005930,buy,150,"기술적 상승 신호 (MA 정배열, 거래량 증가) 에 따라 추세를 따르되, 단기 고점 우려와 뉴스 악재 가능성을 고려해 최대 거래 한도 내에서도 여유 자금을 확보합니다."
chunk_012_2026-05-20_2026-05-27,2026-05-21,3,am,A014,2026-05-21,2026-05-20,2026-05-20,15:30,2026-05-21,08:59,2026-05-21,pre_close_cutoff,005930,buy,100,"기술적 상승 추세 (MA 정렬, 거래량 증가) 를 확인했으나, 뉴스 악재 (노사 갈등, 인플레이션) 로 인한 불확실성이 있어 현금 비중을 고려한 적정 수량으로 진입합니다."
chunk_012_2026-05-20_2026-05-27,2026-05-21,3,am,A013,2026-05-21,2026-05-20,2026-05-20,15:30,2026-05-21,08:59,2026-05-21,pre_close_cutoff,005930,buy,50,기술적 돌파 신호와 거래량 증가로 추세 추종 매수 기회. 파업 리스크 해소로 주가 반등 시작.
chunk_012_2026-05-20_2026-05-27,2026-05-21,3,am,A016,2026-05-21,2026-05-20,2026-05-20,15:30,2026-05-21,08:59,2026-05-21,pre_close_cutoff,005930,buy,100,"파업 위기 해소로 주가 반등했으나, 물가 상승 및 밸류에이션 부담으로 방어적 접근이 필요합니다. 노사 타결 기대감에 매수세 유입이 예상되나, 급등에 따른 조정 리스크를 고려해 제한적으로 진입합니다."
chunk_012_2026-05-20_2026-05-27,2026-05-21,3,am,A015,2026-05-21,2026-05-20,2026-05-20,15:30,2026-05-21,08:59,2026-05-21,pre_close_cutoff,005930,buy,100,"파업 종결로 하방 리스크가 해소되어 장기 성장성 (반도체 슈퍼사이클) 에 대한 매수 기회로 판단합니다. 단기 외국인 매도세와 급등에 따른 조정 가능성을 고려하여, 현금 유동성을 확보하면서 핵심 포지션을 구축합니다."
chunk_012_2026-05-20_2026-05-27,2026-05-21,3,am,A017,2026-05-21,2026-05-20,2026-05-20,15:30,2026-05-21,08:59,2026-05-21,pre_close_cutoff,005930,buy,100,"기술적 지표가 상승 추세를 지지하나, 외국인 매도 등 뉴스 악재로 변동성 우려가 있어 초기 진입 단계에서 제한적으로 매수합니다."
chunk_012_2026-05-20_2026-05-27,2026-05-21,3,am,A019,2026-05-21,2026-05-20,2026-05-20,15:30,2026-05-21,08:59,2026-05-21,pre_close_cutoff,005930,sell,50,"전일 급등 (+5.4%) 으로 인한 단기 과매수 우려와 거시 리스크 (물가, 인건비) 로 인해 수익 확정 매도가 적절합니다. 페르소나의 처분효과 성향과 포트폴리오의 고현금 비중 유지 전략에 부합하며, 조정 시 매수 기회를 노리기 위함입니다."
chunk_012_2026-05-20_2026-05-27,2026-05-21,3,am,A020,2026-05-21,2026-05-20,2026-05-20,15:30,2026-05-21,08:59,2026-05-21,pre_close_cutoff,005930,buy,81,"노사 합의와 AI 슈퍼사이클로 상승 모멘텀이 강하며, 기술적 돌파 신호 (290,000 원) 가 확인되어 공격적 관점에서 매수합니다. 현금 비중이 높아 50% 한도 내에서 추격 매수 기회를 포착합니다."
chunk_012_2026-05-20_2026-05-27,2026-05-21,3,am,A018,2026-05-21,2026-05-20,2026-05-20,15:30,2026-05-21,08:59,2026-05-21,pre_close_cutoff,005930,sell,1,"fallback_decision_after_invalid_llm_output: the model failed to return a valid decision after retry, so the system submitted a minimal valid sell order."
chunk_012_2026-05-20_2026-05-27,2026-05-21,3,am,A021,2026-05-21,2026-05-20,2026-05-20,15:30,2026-05-21,08:59,2026-05-21,pre_close_cutoff,005930,buy,50,"기술적 상승 추세 (MA5 상향) 가 있으나, 뉴스 헤드라인의 부정적 어조와 거시 리스크로 인해 단기 진입은 신중합니다. 강제 매수 조건 하에서 제한적 수량 (50 주) 으로 진입하여 리스크를 분산합니다."
chunk_012_2026-05-20_2026-05-27,2026-05-21,3,am,A022,2026-05-21,2026-05-20,2026-05-20,15:30,2026-05-21,08:59,2026-05-21,pre_close_cutoff,005930,buy,10,"시스템 제약으로 매수 필수이나, 현재가 (291,000 원) 급등으로 저평가 매력 희석되어 소량 진입합니다."
chunk_012_2026-05-20_2026-05-27,2026-05-21,3,am,A024,2026-05-21,2026-05-20,2026-05-20,15:30,2026-05-21,08:59,2026-05-21,pre_close_cutoff,005930,buy,171,기술적 상승 모멘텀이 거시적 악재를 압도하며 거래량 증가로 상승이 검증됨. 고위험 고수익 선호 성향에 따라 MA20 대비 15% 상승 구간에서도 추세 추종 매수를 실행합니다.
chunk_012_2026-05-20_2026-05-27,2026-05-21,3,am,A023,2026-05-21,2026-05-20,2026-05-20,15:30,2026-05-21,08:59,2026-05-21,pre_close_cutoff,005930,buy,100,"노사 중재로 파업 리스크가 해소되어 단기 반등 모멘텀이 우세하며, 내재가치 대비 현재가치가 여전히 매력적이기 때문입니다. 다만 단기 급등에 따른 조정 가능성을 고려하여 현금의 50% 이내에서 집중 투자 성향을 반영한 수량으로 매수합니다."
chunk_012_2026-05-20_2026-05-27,2026-05-21,3,am,A025,2026-05-21,2026-05-20,2026-05-20,15:30,2026-05-21,08:59,2026-05-21,pre_close_cutoff,005930,sell,60,"현재가 291,000 원으로 원가 대비 수익 실현 구간 진입. 기술적 과매수 우려와 인플레이션, 성과급 논란 등 뉴스 악재로 리스크 관리 우선. 수익 실현 매도로 변동성 대비."
chunk_012_2026-05-20_2026-05-27,2026-05-21,3,am,A026,2026-05-21,2026-05-20,2026-05-20,15:30,2026-05-21,08:59,2026-05-21,pre_close_cutoff,005930,sell,50,"시가 29 만 1 천 원 급등으로 안전마진 축소 (Dim 2), 인플레이션 및 성과급 리스크로 상승 제한적 (Dim 1, 3). 집중 투자 리스크 관리 필요 (Dim 6)."
chunk_012_2026-05-20_2026-05-27,2026-05-21,3,am,A027,2026-05-21,2026-05-20,2026-05-20,15:30,2026-05-21,08:59,2026-05-21,pre_close_cutoff,005930,buy,150,"파업 해소 및 기술적 지표 (MA5 상회, 거래량 증가) 에 따른 단기 반등 기대. 거시경제 악재에도 기술적 신호를 우선시하여 적정 비중 매수."
chunk_012_2026-05-20_2026-05-27,2026-05-21,3,am,A028,2026-05-21,2026-05-20,2026-05-20,15:30,2026-05-21,08:59,2026-05-21,pre_close_cutoff,005930,buy,110,"MA5 돌파 및 거래량 증가로 상승 추세 확인, 노사 협상 타결 기대와 AI 호재로 30 만원 돌파 가능성 높음. 현금 여력 내에서 추격 매수하여 수익 극대화."
chunk_012_2026-05-20_2026-05-27,2026-05-21,3,am,A030,2026-05-21,2026-05-20,2026-05-20,15:30,2026-05-21,08:59,2026-05-21,pre_close_cutoff,005930,buy,20,"노사 협상 재개 호재로 매수 필요하나, 주가 급등으로 밸류에이션 부담 있어 제한적 수량 (20 주) 으로 진입합니다."
chunk_012_2026-05-20_2026-05-27,2026-05-21,3,am,A029,2026-05-21,2026-05-20,2026-05-20,15:30,2026-05-21,08:59,2026-05-21,pre_close_cutoff,005930,buy,52,"노사 갈등 악재로 인한 급락 (276,000 원) 이 과반응으로 판단되며, 현재가 평균 매수 단가 (277,200 원) 하단에서 손실 시 추가 매수하는 페르소나 성향과 20 일 이동평균선 지지 기대에 따라 매수."
chunk_012_2026-05-20_2026-05-27,2026-05-21,4,pm,A004,2026-05-21,2026-05-21,2026-05-21,08:59,2026-05-21,15:30,2026-05-21,pre_close_cutoff,005930,buy,100,"노사 타결 및 엔비디아 호조로 상승 모멘텀이 강하며, 기술적 MA5 돌파 신호를 확인했습니다. 어제 수익 실현 후 추세를 놓친 점을 보완하기 위해 추세 추종 전략에 따라 매수합니다."
chunk_012_2026-05-20_2026-05-27,2026-05-21,4,pm,A002,2026-05-21,2026-05-21,2026-05-21,08:59,2026-05-21,15:30,2026-05-21,pre_close_cutoff,005930,sell,100,현재 주가가 30 만원 저항선 부근이며 내재가치 상단으로 판단되어 안전마진 확보를 위해 수익 실현 매도합니다. 노조 및 세무 이슈 리스크를 고려하여 단기 변동성 대비합니다.
chunk_012_2026-05-20_2026-05-27,2026-05-21,4,pm,A003,2026-05-21,2026-05-21,2026-05-21,08:59,2026-05-21,15:30,2026-05-21,pre_close_cutoff,005930,sell,10,밸류에이션 부담 (PE/PB 상단 도달) 과 기술적 과열 (8.5% 급등) 로 단기 조정 가능성 높음. 집중 투자 리스크 관리를 위해 수익 일부 실현.
chunk_012_2026-05-20_2026-05-27,2026-05-21,4,pm,A001,2026-05-21,2026-05-21,2026-05-21,08:59,2026-05-21,15:30,2026-05-21,pre_close_cutoff,005930,sell,20,성과급 세금 이슈로 인한 내부 갈등 리스크와 단기 과열 우려로 인해 수익 일부 실현 및 단일 종목 집중 리스크를 관리합니다.
chunk_012_2026-05-20_2026-05-27,2026-05-21,4,pm,A006,2026-05-21,2026-05-21,2026-05-21,08:59,2026-05-21,15:30,2026-05-21,pre_close_cutoff,005930,sell,100,"현재가 29 만 9 천 원으로 평균 매수 단가 대비 수익 발생. 기술적 상승 추세 유지 중이나 성과급 세금 이슈로 단기 조정 리스크 존재. 성향상 수익 실현을 우선하며, 뉴스 공포에 따른 손실 방지를 위해 전량 매도합니다."
chunk_012_2026-05-20_2026-05-27,2026-05-21,4,pm,A005,2026-05-21,2026-05-21,2026-05-21,08:59,2026-05-21,15:30,2026-05-21,pre_close_cutoff,005930,sell,20,30 만 원대 진입으로 저평가 매력 감소 및 단기 과열 우려로 수익 일부 실현.
chunk_012_2026-05-20_2026-05-27,2026-05-21,4,pm,A008,2026-05-21,2026-05-21,2026-05-21,08:59,2026-05-21,15:30,2026-05-21,pre_close_cutoff,005930,buy,94,노사 타결과 엔비디아 호재로 MA5 돌파가 확인되어 상승 추세가 강력함. 고위험 고수익 성향에 따라 기술적 신호를 신뢰하고 현금 여력을 활용해 추세를 따름.
chunk_012_2026-05-20_2026-05-27,2026-05-21,4,pm,A007,2026-05-21,2026-05-21,2026-05-21,08:59,2026-05-21,15:30,2026-05-21,pre_close_cutoff,005930,sell,50,"주가 급등으로 MA20 대비 16% 프리미엄 형성되어 가치평가 관점에서 과열 우려가 있으며, 주주 소송 리스크와 단일 종목 집중도를 고려하여 일부 수익 실현을 위해 매도합니다."
chunk_012_2026-05-20_2026-05-27,2026-05-21,4,pm,A009,2026-05-21,2026-05-21,2026-05-21,08:59,2026-05-21,15:30,2026-05-21,pre_close_cutoff,005930,buy,100,기술적 돌파 신호와 상승 모멘텀이 명확하여 추세를 따라 추가 매수합니다. 수익 보유 상태이므로 처분효과는 보유 경향에 부합합니다.
chunk_012_2026-05-20_2026-05-27,2026-05-21,4,pm,A010,2026-05-21,2026-05-21,2026-05-21,08:59,2026-05-21,15:30,2026-05-21,pre_close_cutoff,005930,sell,50,"단기 급등 (8%) 으로 밸류에이션 부담과 차익실현 매물 압력이 존재하며, 단일 종목 집중도 리스크를 관리하기 위해 일부 매도합니다."
chunk_012_2026-05-20_2026-05-27,2026-05-21,4,pm,A011,2026-05-21,2026-05-21,2026-05-21,08:59,2026-05-21,15:30,2026-05-21,pre_close_cutoff,005930,buy,50,"엔비디아 실적 호조와 파업 타결로 인한 생산 차질 해소 등 강력한 호재가 지속되고 있으며, 강한 상승 모멘텀이 형성되어 있어 성장성 추구를 위해 추가 매수합니다. 현재 포트폴리오 수익 상태가 양호하고 현금 여력이 충분합니다."
chunk_012_2026-05-20_2026-05-27,2026-05-21,4,pm,A012,2026-05-21,2026-05-21,2026-05-21,08:59,2026-05-21,15:30,2026-05-21,pre_close_cutoff,005930,sell,50,수익 구간 진입 (평균가 대비 +2.9%) 및 처분효과에 따른 차익 실현 필요. 단기 기술적 과열 및 조정 리스크 존재.
chunk_012_2026-05-20_2026-05-27,2026-05-21,4,pm,A013,2026-05-21,2026-05-21,2026-05-21,08:59,2026-05-21,15:30,2026-05-21,pre_close_cutoff,005930,buy,36,기술적 돌파 (MA5 상회) 와 파업 해소 호재로 상승 모멘텀이 강력함. 고위험 고수익 선호 성향과 '이번엔 꼭 잡아야 한다'는 확신에 따라 현금 한도 내에서 최대한 매수.
chunk_012_2026-05-20_2026-05-27,2026-05-21,4,pm,A014,2026-05-21,2026-05-21,2026-05-21,08:59,2026-05-21,15:30,2026-05-21,pre_close_cutoff,005930,buy,100,노사 타결로 리스크가 해소되었고 MA5 상향 돌파 등 기술적 매수 신호가 유효하여 상승 추세를 따라 매수합니다. 현금 비중이 높으므로 특정 종목 집중 성향을 반영해 포지션을 확대합니다.
chunk_012_2026-05-20_2026-05-27,2026-05-21,4,pm,A015,2026-05-21,2026-05-21,2026-05-21,08:59,2026-05-21,15:30,2026-05-21,pre_close_cutoff,005930,sell,30,주가 급등 (8.51%) 으로 안전마진 축소 및 주주 소송 리스크 존재. 가치 투자 관점에서 추격 매수 자제하고 일부 수익 실현을 통해 현금 비중을 확보합니다.
chunk_012_2026-05-20_2026-05-27,2026-05-21,4,pm,A016,2026-05-21,2026-05-21,2026-05-21,08:59,2026-05-21,15:30,2026-05-21,pre_close_cutoff,005930,sell,100,"8.5% 급등으로 밸류에이션 부담이 가중되었고, MA5 대비 프리미엄이 형성되어 단기 과열 가능성이 있습니다. 가치투자 관점에서 내재가치 대비 현재가 매력도가 낮아진 것으로 판단되어 수익 실현을 통해 현금 비중을 높이고, 향후 저평가 구간에서의 재진입을 준비합니다."
chunk_012_2026-05-20_2026-05-27,2026-05-21,4,pm,A018,2026-05-21,2026-05-21,2026-05-21,08:59,2026-05-21,15:30,2026-05-21,pre_close_cutoff,005930,buy,98,"코스피 7400 선 회복과 함께 삼성전자 기술적 돌파 신호 (MA5 상향 돌파) 가 명확하며, 고위험 선호 성향과 집중 투자 전략에 따라 상승 모멘텀을 따라 매수합니다."
chunk_012_2026-05-20_2026-05-27,2026-05-21,4,pm,A019,2026-05-21,2026-05-21,2026-05-21,08:59,2026-05-21,15:30,2026-05-21,pre_close_cutoff,005930,buy,50,파업 해소로 단기 모멘텀이 있으나 현재 주가는 내재가치 대비 고평가 구간이므로 제한적 수량으로 진입합니다. 성과급 비용 부담 리스크를 고려하여 현금 비중을 유지합니다.
chunk_012_2026-05-20_2026-05-27,2026-05-21,4,pm,A017,2026-05-21,2026-05-21,2026-05-21,08:59,2026-05-21,15:30,2026-05-21,pre_close_cutoff,005930,sell,30,"노사 합의와 반도체 호황으로 상승 모멘텀이 있으나, 주주 소송 리스크로 인한 법적 불확실성과 변동성 확대 우려가 존재합니다. 현재 수익 구간 진입 상태이므로 안정적 자산 선호 성향에 따라 일부 수익 실현을 통해 리스크를 관리합니다."
chunk_012_2026-05-20_2026-05-27,2026-05-21,4,pm,A023,2026-05-21,2026-05-21,2026-05-21,08:59,2026-05-21,15:30,2026-05-21,pre_close_cutoff,005930,sell,50,단기 급등으로 MA20 대비 16.6% 프리미엄 형성 및 노조 비용 리스크 존재. 내재가치는 매력적이나 밸류에이션 부담으로 수익 일부 실현을 통해 집중 투자 리스크를 관리합니다.
chunk_012_2026-05-20_2026-05-27,2026-05-21,4,pm,A020,2026-05-21,2026-05-21,2026-05-21,08:59,2026-05-21,15:30,2026-05-21,pre_close_cutoff,005930,buy,39,MA5/MA20 돌파 확인 및 엔비디아 실적 호조로 상승 모멘텀 유효. 수익 구간 유지 중이나 고위험 선호 성향에 따라 추세를 따라 매수.
chunk_012_2026-05-20_2026-05-27,2026-05-21,4,pm,A021,2026-05-21,2026-05-21,2026-05-21,08:59,2026-05-21,15:30,2026-05-21,pre_close_cutoff,005930,sell,1,"fallback_decision_after_invalid_llm_output: the model failed to return a valid decision after retry, so the system submitted a minimal valid sell order."
chunk_012_2026-05-20_2026-05-27,2026-05-21,4,pm,A024,2026-05-21,2026-05-21,2026-05-21,08:59,2026-05-21,15:30,2026-05-21,pre_close_cutoff,005930,buy,83,"노조 타결과 반도체 사이클 회복으로 상승 모멘텀이 강력하며, 기술적 지표 (MA5>MA20) 가 30 만원 돌파를 지지함. 고위험 선호 성향에 따라 추세 추종 매수로 수익 확대를 노림."
chunk_012_2026-05-20_2026-05-27,2026-05-21,4,pm,A025,2026-05-21,2026-05-21,2026-05-21,08:59,2026-05-21,15:30,2026-05-21,pre_close_cutoff,005930,buy,50,파업 타결로 기술적 추세 전환 (MA5 상회) 이 확인되어 추세 추종 전략에 따라 매수합니다.
chunk_012_2026-05-20_2026-05-27,2026-05-21,4,pm,A022,2026-05-21,2026-05-21,2026-05-21,08:59,2026-05-21,15:30,2026-05-21,pre_close_cutoff,005930,sell,10,"현재 주가 299,500 원은 급등으로 저평가 구간이 소멸되었고, 구조적 리스크가 남아 있어 가치 투자 관점에서 매수 타이밍이 아님. Belief 에 따라 주가 조정 시점을 기다리기 위해 보유 주식을 전량 매도하여 현금 비중을 높임."
chunk_012_2026-05-20_2026-05-27,2026-05-21,4,pm,A026,2026-05-21,2026-05-21,2026-05-21,08:59,2026-05-21,15:30,2026-05-21,pre_close_cutoff,005930,sell,20,"주가 급등으로 안전마진이 축소되었으므로, 가치투자 관점에서 수익 실현을 통해 리스크를 관리합니다."
chunk_012_2026-05-20_2026-05-27,2026-05-21,4,pm,A028,2026-05-21,2026-05-21,2026-05-21,08:59,2026-05-21,15:30,2026-05-21,pre_close_cutoff,005930,buy,50,강력한 단기 상승 모멘텀과 기술적 돌파 신호에 따라 추세를 따릅니다. 노사 타결 호재와 반도체 슈퍼사이클 기대감으로 30 만 원 돌파 가능성을 높게 평가하여 매수합니다.
chunk_012_2026-05-20_2026-05-27,2026-05-21,4,pm,A027,2026-05-21,2026-05-21,2026-05-21,08:59,2026-05-21,15:30,2026-05-21,pre_close_cutoff,005930,sell,10,노사 타결로 상승 모멘텀은 있으나 세금 이슈와 밸류에이션 부담으로 추격 매수는 자제해야 함. 보유는 불가하므로 리스크 관리를 위해 소량 매도.
chunk_012_2026-05-20_2026-05-27,2026-05-21,4,pm,A029,2026-05-21,2026-05-21,2026-05-21,08:59,2026-05-21,15:30,2026-05-21,pre_close_cutoff,005930,buy,25,"시장 전체 상승 모멘텀 (코스피 +3.85%) 과 기술적 돌파 신호 (MA5>MA20) 를 확인하여 추세 추종 전략을 적용합니다. 과거 수익 실현이 너무 빨라 추세를 놓친 점을 반성하여, 엔비디아 수요 기반 슈퍼사이클과 파업 타결 호재를 반영해 현금 여력 내에서 최대 매수합니다."
chunk_012_2026-05-20_2026-05-27,2026-05-21,4,pm,A030,2026-05-21,2026-05-21,2026-05-21,08:59,2026-05-21,15:30,2026-05-21,pre_close_cutoff,005930,sell,10,"노사 타결로 리스크는 해소되었으나, 주가 급등으로 저평가 구간이 소멸되어 단기 조정 가능성이 높다고 판단합니다. 현재 보유 물량의 일부를 매도하여 수익을 확정하고, 추가 하락 시 매수 기회를 노리기 위함입니다."
chunk_012_2026-05-20_2026-05-27,2026-05-22,5,am,A002,2026-05-22,2026-05-21,2026-05-21,15:30,2026-05-22,08:59,2026-05-22,pre_close_cutoff,005930,buy,100,"노사 합의 및 반도체 업황 회복 신호로 장기적 가치 투자 신념을 유지하나, 30 만원 선은 안전마진 확보 관점에서 고가이므로 제한적 매수로 진입합니다."
chunk_012_2026-05-20_2026-05-27,2026-05-22,5,am,A004,2026-05-22,2026-05-21,2026-05-21,15:30,2026-05-22,08:59,2026-05-22,pre_close_cutoff,005930,buy,95,국민연금 수급 호재와 노사 합의 등 강력한 상승 모멘텀 확인. 기술적 돌파 신호 유효하여 추세를 따라 매수. 이전 MA5 이탈 매도 실수 교훈으로 과열 시에도 추세 신뢰 우선.
chunk_012_2026-05-20_2026-05-27,2026-05-22,5,am,A001,2026-05-22,2026-05-21,2026-05-21,15:30,2026-05-22,08:59,2026-05-22,pre_close_cutoff,005930,sell,50,"주가가 30 만 원 심리적 저항선에 근접하고 이동평균선 대비 7% 프리미엄이 형성되어 단기 조정 가능성이 있습니다. 가치평가 지표 확인 전 추가 매수는 위험하며, 포트폴리오 집중 리스크를 완화하기 위해 보유 물량의 50% 를 매도합니다."
chunk_012_2026-05-20_2026-05-27,2026-05-22,5,am,A003,2026-05-22,2026-05-21,2026-05-21,15:30,2026-05-22,08:59,2026-05-22,pre_close_cutoff,005930,sell,1,"fallback_decision_after_invalid_llm_output: the model failed to return a valid decision after retry, so the system submitted a minimal valid sell order."
chunk_012_2026-05-20_2026-05-27,2026-05-22,5,am,A005,2026-05-22,2026-05-21,2026-05-21,15:30,2026-05-22,08:59,2026-05-22,pre_close_cutoff,005930,sell,10,"단기 급등으로 안전마진이 축소되어 밸류에이션 부담이 커졌고, 집중 투자 성향으로 인한 변동성 리스크를 관리하기 위해 소량 매도합니다."
chunk_012_2026-05-20_2026-05-27,2026-05-22,5,am,A006,2026-05-22,2026-05-21,2026-05-21,15:30,2026-05-22,08:59,2026-05-22,pre_close_cutoff,005930,buy,150,"시스템 제약으로 매수만 가능. 상승 모멘텀 확인되나 현재价位는 과열 구간. 현금 100% 상태이므로 기회비용 고려해 매수하되, 과열 우려로 최대 한도 미만으로 진입."
chunk_012_2026-05-20_2026-05-27,2026-05-22,5,am,A007,2026-05-22,2026-05-21,2026-05-21,15:30,2026-05-22,08:59,2026-05-22,pre_close_cutoff,005930,sell,20,"PE/PB 등 정량적 가치 지표 부재로 내재가치 판단 불가, 주가 급등으로 안전마진 축소. 가치투자 원칙상 매수 보류하며 변동성 리스크 관리 차원에서 소량 매도."
chunk_012_2026-05-20_2026-05-27,2026-05-22,5,am,A008,2026-05-22,2026-05-21,2026-05-21,15:30,2026-05-22,08:59,2026-05-22,pre_close_cutoff,005930,buy,47,"MA5(28 만원) 돌파와 거래량 증가로 상승 추세가 명확해졌으며, 고위험 고수익 성향에 따라 모멘텀 추종 매수를 실행합니다. 세금 이슈 등 단기 악재보다 기술적 신호를 우선시합니다."
chunk_012_2026-05-20_2026-05-27,2026-05-22,5,am,A009,2026-05-22,2026-05-21,2026-05-21,15:30,2026-05-22,08:59,2026-05-22,pre_close_cutoff,005930,buy,30,"기술적 지표 (MA5/MA20 상승 정렬) 와 뉴스 (국민연금 매수, 노사 안정) 가 일치하여 매수 신호로 판단. 30 만 원 저항선 돌파 시 상승 모멘텀 지속 예상."
chunk_012_2026-05-20_2026-05-27,2026-05-22,5,am,A010,2026-05-22,2026-05-21,2026-05-21,15:30,2026-05-22,08:59,2026-05-22,pre_close_cutoff,005930,buy,10,"중장기 반도체 슈퍼사이클과 국민연금 유동성 공급은 매수 기회이나, 단기 과열과 법적 리스크로 인해 소량 매수로 접근합니다."
chunk_012_2026-05-20_2026-05-27,2026-05-22,5,am,A011,2026-05-22,2026-05-21,2026-05-21,15:30,2026-05-22,08:59,2026-05-22,pre_close_cutoff,005930,buy,36,"노사 합의와 반도체 슈퍼사이클로 내재가치 상향, 고위험 고수익 성향에 따라 상승 모멘텀 지속 시 추가 수익 기회 확보를 위해 제한적 매수"
chunk_012_2026-05-20_2026-05-27,2026-05-22,5,am,A012,2026-05-22,2026-05-21,2026-05-21,15:30,2026-05-22,08:59,2026-05-22,pre_close_cutoff,005930,sell,50,30 만 원 저항선 도달 및 변동성 증가 예상에 따른 차익 실현 매도. 수익 구간 진입 시 처분효과 반영. 완전 매도보다는 일부 매도로 추세 추종과 리스크 관리 병행.
chunk_012_2026-05-20_2026-05-27,2026-05-22,5,am,A013,2026-05-22,2026-05-21,2026-05-21,15:30,2026-05-22,08:59,2026-05-22,pre_close_cutoff,005930,buy,18,"국민연금 매수 한도 상향과 반도체 호조로 상승 모멘텀이 강하며, 30 만원 돌파 시 추가 상승이 예상되어 추세 추종 전략에 따라 매수합니다."
chunk_012_2026-05-20_2026-05-27,2026-05-22,5,am,A014,2026-05-22,2026-05-21,2026-05-21,15:30,2026-05-22,08:59,2026-05-22,pre_close_cutoff,005930,sell,50,"단기 급등으로 인한 과매수 우려와 거래량 부재로 상승 지속성에 의문이 들며, 밸류에이션 부담으로 수익 일부 실현을 통해 리스크를 관리합니다."
chunk_012_2026-05-20_2026-05-27,2026-05-22,5,am,A015,2026-05-22,2026-05-21,2026-05-21,15:30,2026-05-22,08:59,2026-05-22,pre_close_cutoff,005930,sell,30,"현재 30 만 원대는 내재가치 대비 안전마진이 축소되어 단기 조정 리스크가 존재함. 수익 실현을 통해 현금 비중을 높이고, 추후 조정 시 매수 여력을 확보하기 위해 보유 물량의 일부를 매도합니다."
chunk_012_2026-05-20_2026-05-27,2026-05-22,5,am,A018,2026-05-22,2026-05-21,2026-05-21,15:30,2026-05-22,08:59,2026-05-22,pre_close_cutoff,005930,buy,49,상승 모멘텀 지속 전망과 기술적 돌파 신호에 따라 공격적 추세 추종 관점으로 매수합니다. 국민연금 유입 호재와 30 만 원 돌파 가능성에 집중 투자 전략을 유지합니다.
chunk_012_2026-05-20_2026-05-27,2026-05-22,5,am,A016,2026-05-22,2026-05-21,2026-05-21,15:30,2026-05-22,08:59,2026-05-22,pre_close_cutoff,005930,buy,50,"거래 제약상 매수만 가능하나, 현재 주가 (30 만 원) 는 내재가치 대비 부담 구간으로 판단됨. 다만 노사 안정 및 기관 매수 기대감으로 소량 진입하여 시장 노출을 유지함."
chunk_012_2026-05-20_2026-05-27,2026-05-22,5,am,A017,2026-05-22,2026-05-21,2026-05-21,15:30,2026-05-22,08:59,2026-05-22,pre_close_cutoff,005930,buy,80,"국민연금 한도 상향과 MA5 상회로 단기 상승 모멘텀이 지속되며, 기관 수급 개선으로 밸류에이션 부담을 수용 가능하다고 판단하여 매수합니다."
chunk_012_2026-05-20_2026-05-27,2026-05-22,5,am,A021,2026-05-22,2026-05-21,2026-05-21,15:30,2026-05-22,08:59,2026-05-22,pre_close_cutoff,005930,buy,50,"기술적 지표 (MA 정배열) 와 뉴스 호재 (노사 양보 등) 가 상승 추세를 뒷받침하며, 현금 비중이 높아 추격 매수 여력이 충분합니다."
chunk_012_2026-05-20_2026-05-27,2026-05-22,5,am,A019,2026-05-22,2026-05-21,2026-05-21,15:30,2026-05-22,08:59,2026-05-22,pre_close_cutoff,005930,buy,10,"국민연금 보유 한도 상향과 반도체 업황 회복 등 거시적 호재가 정책 리스크를 상쇄하여 상승 모멘텀이 우세하다고 판단. 다만, 현재가치가 적정선 상단에 위치하여 안전마진이 축소되었으므로, 과잉 매수를 피하기 위해 소량으로 제한적 매수."
chunk_012_2026-05-20_2026-05-27,2026-05-22,5,am,A020,2026-05-22,2026-05-21,2026-05-21,15:30,2026-05-22,08:59,2026-05-22,pre_close_cutoff,005930,buy,20,"기술적 돌파와 반도체 호황으로 상승 모멘텀이 강함. 현금 부족으로 매수 여력이 제한적이지만, 고위험 성향에 맞춰 한도 내 최대 매수로 추세 추종."
chunk_012_2026-05-20_2026-05-27,2026-05-22,5,am,A024,2026-05-22,2026-05-21,2026-05-21,15:30,2026-05-22,08:59,2026-05-22,pre_close_cutoff,005930,buy,41,"반도체 사이클 회복과 노사 안정으로 상승 추세가 뚜렷하며, 기술적 돌파 신호가 확인되어 추세를 따른 매수 기회를 포착합니다. 고위험 선호 성향에 따라 현금 여력 범위 내에서 포지션을 확대합니다."
chunk_012_2026-05-20_2026-05-27,2026-05-22,5,am,A022,2026-05-22,2026-05-21,2026-05-21,15:30,2026-05-22,08:59,2026-05-22,pre_close_cutoff,005930,buy,10,"공시가가 30 만 원으로 내재가치 대비 안전마진이 부족하나, 매수 제약이 있어 최소 수량으로 진입하여 추후 조정 시 추가 매수 여력을 확보합니다."
chunk_012_2026-05-20_2026-05-27,2026-05-22,5,am,A023,2026-05-22,2026-05-21,2026-05-21,15:30,2026-05-22,08:59,2026-05-22,pre_close_cutoff,005930,buy,50,"노사 합의와 국민연금 확대 등 호재로 리스크가 해소되었고, 내재가치 대비 저평가 구간입니다. 과거 이르게 매도한 경험을 반성하여 중기적 상승 흐름에 맞춰 추가 매수합니다."
chunk_012_2026-05-20_2026-05-27,2026-05-22,5,am,A025,2026-05-22,2026-05-21,2026-05-21,15:30,2026-05-22,08:59,2026-05-22,pre_close_cutoff,005930,sell,110,8% 급등으로 단기 과열 및 기술적 과매수 구간 진입. 수익 실현 매도 심리 (처분효과) 와 단기 조정 리스크 회피를 위해 전량 매도.
chunk_012_2026-05-20_2026-05-27,2026-05-22,5,am,A027,2026-05-22,2026-05-21,2026-05-21,15:30,2026-05-22,08:59,2026-05-22,pre_close_cutoff,005930,sell,20,전일 8.5% 급등으로 인한 밸류에이션 부담과 단기 차익 실현 매물 우려를 고려하여 수익 일부 확정. 단일 종목 집중 리스크를 완화하기 위해 보유 수량 일부 매도.
chunk_012_2026-05-20_2026-05-27,2026-05-22,5,am,A028,2026-05-22,2026-05-21,2026-05-21,15:30,2026-05-22,08:59,2026-05-22,pre_close_cutoff,005930,buy,28,노사 합의와 국민연금 매수 한도 확대 호재가 기술적 상승 신호와 결합되어 상승 모멘텀이 강화되었다. 고위험 고수익 성향에 따라 기관 자금 유입을 믿고 추세를 따라가는 것이 최선이다.
chunk_012_2026-05-20_2026-05-27,2026-05-22,5,am,A026,2026-05-22,2026-05-21,2026-05-21,15:30,2026-05-22,08:59,2026-05-22,pre_close_cutoff,005930,sell,10,"현재 30 만 원은 안전마진이 축소된 구간으로, Belief 에서 추가 매수 신중을 명시함. 수익 실현 시점을 유연하게 활용하여 단기 변동성 리스크를 관리함."
chunk_012_2026-05-20_2026-05-27,2026-05-22,5,am,A029,2026-05-22,2026-05-21,2026-05-21,15:30,2026-05-22,08:59,2026-05-22,pre_close_cutoff,005930,buy,13,"반도체 슈퍼사이클과 국민연금 한도 확대 등 기관 자금 유입이 예상되며, 기술적 지표도 상승 추세를 지지한다. 최근 수익 실현 심리를 극복하고 추세 추종 전략을 적용하여 추가 매수한다."
chunk_012_2026-05-20_2026-05-27,2026-05-22,5,am,A030,2026-05-22,2026-05-21,2026-05-21,15:30,2026-05-22,08:59,2026-05-22,pre_close_cutoff,005930,sell,10,"30 만 원 심리적 저항선 부근에서 단기 조정 가능성과 과거 손실 경험에 따른 리스크 관리 우선. 노사 합의 등 장기적 호재는 유지되나, 단기 과열로 인한 수익 실현 매도 후 조정 시 재매수 전략."
chunk_012_2026-05-20_2026-05-27,2026-05-22,6,pm,A003,2026-05-22,2026-05-22,2026-05-22,08:59,2026-05-22,15:30,2026-05-22,pre_close_cutoff,005930,buy,30,"노사 합의 리스크 소멸과 반도체 호황으로 중장기 상승 기조 유지. 현재 29 만 2 천 원은 내재가치 대비 적정 수준이며, 현금 비중 88.7% 로 자산 효율성 개선을 위해 조정 시 매수 기회 활용."
chunk_012_2026-05-20_2026-05-27,2026-05-22,6,pm,A001,2026-05-22,2026-05-22,2026-05-22,08:59,2026-05-22,15:30,2026-05-22,pre_close_cutoff,005930,sell,10,"현재가 (292,500 원) 가 5 일선 (284,900 원) 보다 높아 단기 조정 가능성이 높습니다. 가치평가 관점에서 적정 구간을 기다리기 위해 수익 일부 실현 및 집중투자 리스크를 줄입니다."
chunk_012_2026-05-20_2026-05-27,2026-05-22,6,pm,A002,2026-05-22,2026-05-22,2026-05-22,08:59,2026-05-22,15:30,2026-05-22,pre_close_cutoff,005930,buy,10,"자사주 매입 호재와 하방 경직성 인정, 현금 여력 활용하여 평균 단가 하향 및 내재가치 회복 대기. 과거 손절 후회 경험으로 손절 자제."
chunk_012_2026-05-20_2026-05-27,2026-05-22,6,pm,A004,2026-05-22,2026-05-22,2026-05-22,08:59,2026-05-22,15:30,2026-05-22,pre_close_cutoff,005930,buy,49,"공시 가격 (292,500 원) 이 평균 매수 단가 (295,170 원) 하방으로 손실 구간 진입, 처분효과에 따른 물타기 매수 필요. 기술적 지지선 (MA5) 부근에서 중기 상승 모멘텀 유지 시 저가 매수 기회로 판단."
chunk_012_2026-05-20_2026-05-27,2026-05-22,6,pm,A005,2026-05-22,2026-05-22,2026-05-22,08:59,2026-05-22,15:30,2026-05-22,pre_close_cutoff,005930,buy,100,"노사 합의와 반도체 호황으로 중장기 우상향은 유효하나, 30 만 원 부근에서 단기 조정 가능성을 매수 기회로 판단합니다. 현재가 29 만 2,500 원은 내재가치 대비 적정 수준이며, 현금 비중 65% 로 여유 자금이 충분하여 추가 매수로 포트폴리오를 강화합니다."
chunk_012_2026-05-20_2026-05-27,2026-05-22,6,pm,A008,2026-05-22,2026-05-22,2026-05-22,08:59,2026-05-22,15:30,2026-05-22,pre_close_cutoff,005930,sell,20,"포트폴리오 내 삼성전자 비중이 85% 로 높아 현금 유동성 확보가 필요하며, MA5(28 만 4 천 9 백 원) 지지선까지 추가 조정 가능성에 대비해 제한적으로 매도합니다. 현재가 29 만 2 천 5 백 원은 평균 매수 단가 대비 소폭 손실 구간으로, 손절 원칙에 따라 손실을 확정하고 현금 비중을 늘립니다."
chunk_012_2026-05-20_2026-05-27,2026-05-22,6,pm,A006,2026-05-22,2026-05-22,2026-05-22,08:59,2026-05-22,15:30,2026-05-22,pre_close_cutoff,005930,buy,50,MA5(28 만 4 천 900 원) 지지 확인 및 손실 시 추가 매수 성향에 따라 평균 단가 하향 관리 필요. 노사 합의 리스크 해소로 단기 반등 기대.
chunk_012_2026-05-20_2026-05-27,2026-05-22,6,pm,A007,2026-05-22,2026-05-22,2026-05-22,08:59,2026-05-22,15:30,2026-05-22,pre_close_cutoff,005930,sell,80,"신고가 부근의 밸류에이션 부담과 정량적 지표 부재로 안전마진이 부족하며, 내부 갈등 리스크로 단기 조정 가능성이 높습니다. 수익 실현을 통해 현금 비중을 높이고 리스크를 관리합니다."
chunk_012_2026-05-20_2026-05-27,2026-05-22,6,pm,A009,2026-05-22,2026-05-22,2026-05-22,08:59,2026-05-22,15:30,2026-05-22,pre_close_cutoff,005930,buy,40,"MA5(284,900 원) 지지선 유지 확인 및 자사주 매입 호재로 매수 기회로 판단. 손실 상태이나 기술적 신호에 따라 매수 단가 하향 조정."
chunk_012_2026-05-20_2026-05-27,2026-05-22,6,pm,A013,2026-05-22,2026-05-22,2026-05-22,08:59,2026-05-22,15:30,2026-05-22,pre_close_cutoff,005930,buy,9,"반도체 업황 호조와 노사 합의 호재로 상승 모멘텀이 유지되며, 오늘 급락은 단기 조정 매수 기회로 판단. MA5 지지선 유지 및 거래량 감소로 매도세 약화 확인. 현금 여력 내에서 최대 매수 수량인 9 주를 매수하여 평균 단가 하향 및 모멘텀 추종."
chunk_012_2026-05-20_2026-05-27,2026-05-22,6,pm,A011,2026-05-22,2026-05-22,2026-05-22,08:59,2026-05-22,15:30,2026-05-22,pre_close_cutoff,005930,buy,18,노사 합의 리스크 소멸 및 메모리 반도체 사이클 상승 호재 지속. 30 만원 저항선 테스트 후 29 만 2 천 원대 지지력 확인으로 단기 조정 후 반등 기대. 가치평가 지표 내재가치 상승 반영되어 매수 매력도 유지.
chunk_012_2026-05-20_2026-05-27,2026-05-22,6,pm,A010,2026-05-22,2026-05-22,2026-05-22,08:59,2026-05-22,15:30,2026-05-22,pre_close_cutoff,005930,buy,20,"공시가 292,500 원은 30 만 원 신고가 대비 조정 구간으로, 29 만 원 지지선 부근에서 내재가치 대비 매력적인 진입점. 노사 합의와 반도체 호황으로 장기 추세 유지 예상."
chunk_012_2026-05-20_2026-05-27,2026-05-22,6,pm,A012,2026-05-22,2026-05-22,2026-05-22,08:59,2026-05-22,15:30,2026-05-22,pre_close_cutoff,005930,buy,100,상승 추세 유지 (MA5 상향) 와 반도체 호황 뉴스에 따라 추세 추종 매수. 높은 현금 비중으로 기회 활용.
chunk_012_2026-05-20_2026-05-27,2026-05-22,6,pm,A014,2026-05-22,2026-05-22,2026-05-22,08:59,2026-05-22,15:30,2026-05-22,pre_close_cutoff,005930,sell,50,"고평가 및 거래량 감소로 단기 조정 우려, 집중 투자 리스크 감소를 위해 일부 매도합니다."
chunk_012_2026-05-20_2026-05-27,2026-05-22,6,pm,A016,2026-05-22,2026-05-22,2026-05-22,08:59,2026-05-22,15:30,2026-05-22,pre_close_cutoff,005930,buy,50,29 만 원대 지지선 확인 및 밸류에이션 부담 완화로 매수 기회로 판단. 현금 비중이 높아 추가 매수로 평균 단가 조정 및 장기 포트폴리오 구성.
chunk_012_2026-05-20_2026-05-27,2026-05-22,6,pm,A015,2026-05-22,2026-05-22,2026-05-22,08:59,2026-05-22,15:30,2026-05-22,pre_close_cutoff,005930,buy,150,"현재 주가 (292,500 원) 가 가치 투자 관점의 매수 목표 구간 (29 만 원대) 에 진입했으며, 높은 현금 비중 (88.7%) 을 활용하여 내재가치 회복을 위한 포지션 확대가 필요함. 반도체 업황 호조와 노사 합의 안정성으로 하방 경직성이 유지될 것으로 판단."
chunk_012_2026-05-20_2026-05-27,2026-05-22,6,pm,A017,2026-05-22,2026-05-22,2026-05-22,08:59,2026-05-22,15:30,2026-05-22,pre_close_cutoff,005930,sell,50,"30 만 원 저항선 돌파 실패와 거래량 위축으로 단기 조정 국면 진입. MA5(28 만 4,900 원) 지지선 확인 전까지 매수 보류 및 보유 물량 일부 매도로 리스크 관리."
chunk_012_2026-05-20_2026-05-27,2026-05-22,6,pm,A018,2026-05-22,2026-05-22,2026-05-22,08:59,2026-05-22,15:30,2026-05-22,pre_close_cutoff,005930,buy,25,30 만 원 돌파 실패로 단기 조정 불가피하나 20 일선 지지로 상승 추세 유지. 조정 시 기회로 삼아 매수.
chunk_012_2026-05-20_2026-05-27,2026-05-22,6,pm,A019,2026-05-22,2026-05-22,2026-05-22,08:59,2026-05-22,15:30,2026-05-22,pre_close_cutoff,005930,buy,20,"노사 합의 리스크 해소로 하방 경직성 확보되었으나, 28 만 원대 지지 확인 전이므로 제한적 매수로 평균 단가 하향 및 현금 비중 유지."
chunk_012_2026-05-20_2026-05-27,2026-05-22,6,pm,A020,2026-05-22,2026-05-22,2026-05-22,08:59,2026-05-22,15:30,2026-05-22,pre_close_cutoff,005930,buy,10,"AI 데이터센터 수요 등 펀더멘털 호재 유지 중이며, 단기 기술적 조정 (2.3% 하락) 시 매수 기회로 판단. MA5(284,900원) 부근 지지 여부에 따라 추세 유지 확인."
chunk_012_2026-05-20_2026-05-27,2026-05-22,6,pm,A021,2026-05-22,2026-05-22,2026-05-22,08:59,2026-05-22,15:30,2026-05-22,pre_close_cutoff,005930,buy,100,"노사 관계 개선 및 반도체 업황 호조 뉴스로 중기 상승 추세가 유지될 것으로 판단. 현재가가 MA5 지지선 위에 있어 단기 조정 후 매수 기회로 보고, 현금 여력을 활용해 매수 단가를 낮춥니다."
chunk_012_2026-05-20_2026-05-27,2026-05-22,6,pm,A022,2026-05-22,2026-05-22,2026-05-22,08:59,2026-05-22,15:30,2026-05-22,pre_close_cutoff,005930,sell,10,"현재 주가 (29 만 2,500 원) 가 내재가치 대비 안전마진이 부족하고 단기 조정 국면이 예상되므로, 가치투자 원칙과 손절 원칙에 따라 보유 주식을 전량 매도합니다."
chunk_012_2026-05-20_2026-05-27,2026-05-22,6,pm,A023,2026-05-22,2026-05-22,2026-05-22,08:59,2026-05-22,15:30,2026-05-22,pre_close_cutoff,005930,sell,50,"밸류에이션이 적정~약간 고평가 구간이며, 삼성전자 단일 종목 집중도가 높아 리스크 관리 차원에서 방어적 태도로 일부 수익 실현합니다."
chunk_012_2026-05-20_2026-05-27,2026-05-22,6,pm,A024,2026-05-22,2026-05-22,2026-05-22,08:59,2026-05-22,15:30,2026-05-22,pre_close_cutoff,005930,buy,15,"반도체 업황 상승 사이클과 기술적 지지선 (MA5) 상회로 상승 추세가 유효하다고 판단하여, 고위험 선호 성향에 따라 수익 확대를 위해 제한적으로 매수합니다."
chunk_012_2026-05-20_2026-05-27,2026-05-22,6,pm,A025,2026-05-22,2026-05-22,2026-05-22,08:59,2026-05-22,15:30,2026-05-22,pre_close_cutoff,005930,buy,174,"기술적 지표 (MA5, MA20) 가 상승 추세를 유지하고 있으며, 현금 100% 보유로 진입 유연성이 확보됨. 뉴스에서도 장기적 관점의 긍정적 요인이 우세하다고 판단."
chunk_012_2026-05-20_2026-05-27,2026-05-22,6,pm,A026,2026-05-22,2026-05-22,2026-05-22,08:59,2026-05-22,15:30,2026-05-22,pre_close_cutoff,005930,buy,120,"노사 합의 불확실성 해소와 주가 조정 (292,500 원) 으로 인한 가치 매수 기회. 현금 비중이 높아 기회비용 발생 우려가 있어 제한된 현금 범위 내에서 포지션 확대."
chunk_012_2026-05-20_2026-05-27,2026-05-22,6,pm,A027,2026-05-22,2026-05-22,2026-05-22,08:59,2026-05-22,15:30,2026-05-22,pre_close_cutoff,005930,buy,80,대전 교통망 호재 등 긍정적 뉴스와 MA5 지지선 유지로 상승 추세 지속 판단. 현재 수익 상태이므로 추세 추종 전략에 따라 추가 매수.
chunk_012_2026-05-20_2026-05-27,2026-05-22,6,pm,A029,2026-05-22,2026-05-22,2026-05-22,08:59,2026-05-22,15:30,2026-05-22,pre_close_cutoff,005930,sell,7,수익 실현 성향 (Disposition Effect) 에 따라 양호한 수익 상태인 현재 일부 매도. 포트폴리오 집중도 (96%) 완화 및 현금 유동성 확보 필요.
chunk_012_2026-05-20_2026-05-27,2026-05-22,6,pm,A028,2026-05-22,2026-05-22,2026-05-22,08:59,2026-05-22,15:30,2026-05-22,pre_close_cutoff,005930,buy,14,"MA5 지지선 (28 만 4,900 원) 상회 및 자사주 매수 호재로 중기 상승 추세 유효 판단. 고위험 고수익 성향에 따라 조정 국면에서 매수 기회로 접근하며, 현금 여력 내에서 최대 매수 수량인 14 주를 매수합니다."
chunk_012_2026-05-20_2026-05-27,2026-05-22,6,pm,A030,2026-05-22,2026-05-22,2026-05-22,08:59,2026-05-22,15:30,2026-05-22,pre_close_cutoff,005930,buy,100,"내재가치 대비 저평가 구간 (29 만 2,500 원) 이며, 반도체 업황 호전과 노사 안정화로 중기 상승 추세 유효.昨日 매도 후 반등 경험으로 기회 손실 우려가 있으나, 현재 가격대는 가치 투자 관점에서 매력적."
chunk_012_2026-05-20_2026-05-27,2026-05-26,7,am,A001,2026-05-26,2026-05-22,2026-05-22,15:30,2026-05-26,08:59,2026-05-26,pre_close_cutoff,005930,sell,5,현재 주가 (29 만 8 천 원) 가 30 만 원 심리적 저항선 부근이며 내재가치 대비 비싼 수준으로 판단됩니다. 단기 조정 가능성에 대비해 수익을 일부 확정하고 현금 비중을 높여 추후 조정 시 매수 기회를 노립니다.
chunk_012_2026-05-20_2026-05-27,2026-05-26,7,am,A004,2026-05-26,2026-05-22,2026-05-22,15:30,2026-05-26,08:59,2026-05-26,pre_close_cutoff,005930,sell,100,"현재가 298,000 원으로 30 만 원 저항선 부근에 위치하며, 평균 매수 단가 대비 수익 상태입니다. Belief 에서 '저가 매수'에서 '저항선 돌파 시 매도'로 관점이 전환되었으며, 처분 효과에 따라 수익 실현 매도가 우선입니다. 기술적 저항선 부근에서의 변동성 리스크를 고려합니다."
chunk_012_2026-05-20_2026-05-27,2026-05-26,7,am,A003,2026-05-26,2026-05-22,2026-05-22,15:30,2026-05-26,08:59,2026-05-26,pre_close_cutoff,005930,sell,1,"fallback_decision_after_invalid_llm_output: the model failed to return a valid decision after retry, so the system submitted a minimal valid sell order."
chunk_012_2026-05-20_2026-05-27,2026-05-26,7,am,A005,2026-05-26,2026-05-22,2026-05-22,15:30,2026-05-26,08:59,2026-05-26,pre_close_cutoff,005930,buy,65,뉴스는 혼재이나 기술적 상승 추세 유지와 포트폴리오 현금 비중 (약 37%) 높음을 고려하여 자본 효율성을 높입니다. 안정적인 자산 선호 성향에 따라 제한된 현금 여력 내에서 최대한 매수합니다.
chunk_012_2026-05-20_2026-05-27,2026-05-26,7,am,A006,2026-05-26,2026-05-22,2026-05-22,15:30,2026-05-26,08:59,2026-05-26,pre_close_cutoff,005930,sell,200,"현재 주가가 기술적 저항선 (298,000 원) 부근이며 거래량 위축으로 상승 신뢰도가 낮음. 노사 합의 이후 내부 갈등과 주주 소송 리스크로 단기 조정 가능성이 높음. Belief 에 명시된 MA5 지지선 (284,900 원) 확인 전까지 매수 타이밍이 아니므로, 리스크 회피를 위해 전량 매도합니다."
chunk_012_2026-05-20_2026-05-27,2026-05-26,7,am,A002,2026-05-26,2026-05-22,2026-05-22,15:30,2026-05-26,08:59,2026-05-26,pre_close_cutoff,005930,sell,50,"노동 갈등 및 주주 충실의무 위반 관련 부정적 뉴스가 불확실성을 높이고 있으며, 현재 손실 상태이므로 이성적으로 손절하여 추가 하락 리스크를 관리합니다."
chunk_012_2026-05-20_2026-05-27,2026-05-26,7,am,A007,2026-05-26,2026-05-22,2026-05-22,15:30,2026-05-26,08:59,2026-05-26,pre_close_cutoff,005930,sell,50,"외국인 10 조원 매도세와 밸류에이션 부담으로 단기 조정 리스크가 높으므로, 수익 실현을 통해 리스크를 관리합니다."
chunk_012_2026-05-20_2026-05-27,2026-05-26,7,am,A008,2026-05-26,2026-05-22,2026-05-22,15:30,2026-05-26,08:59,2026-05-26,pre_close_cutoff,005930,sell,100,"거래량 49% 위축으로 상승 동력 약화, 30 만 원 저항선 직전. 고위험 선호 성향이지만 수익 실현을 우선하여 리스크 관리."
chunk_012_2026-05-20_2026-05-27,2026-05-26,7,am,A009,2026-05-26,2026-05-22,2026-05-22,15:30,2026-05-26,08:59,2026-05-26,pre_close_cutoff,005930,sell,50,30 만 원 저항선 근접 및 거래량 위축으로 상승 모멘텀 약화 우려. 노조 갈등 등 뉴스 리스크로 변동성 확대 예상되어 차익 실현 및 현금 비중 확보 필요.
chunk_012_2026-05-20_2026-05-27,2026-05-26,7,am,A010,2026-05-26,2026-05-22,2026-05-22,15:30,2026-05-26,08:59,2026-05-26,pre_close_cutoff,005930,sell,50,"현재 주가 (298,000 원) 는 내재가치 대비 밸류에이션 부담이 큰 구간으로 판단됩니다. 노사 갈등과 레버리지 ETF 로 인한 단기 변동성 우려가 있어, 수익을 일부 실현하고 현금 비중을 높여 리스크를 관리합니다."
chunk_012_2026-05-20_2026-05-27,2026-05-26,7,am,A011,2026-05-26,2026-05-22,2026-05-22,15:30,2026-05-26,08:59,2026-05-26,pre_close_cutoff,005930,sell,9,"현재 주가 (298,000 원) 가 MA20 대비 14% 프리미엄으로 과열 상태이며, 현금 비중 (5.7%) 이 낮아 방어력이 부족함. 단기 조정 가능성에 대비해 수익 실현 및 현금 확보를 위해 최대 허용 범위 내에서 일부 매도."
chunk_012_2026-05-20_2026-05-27,2026-05-26,7,am,A013,2026-05-26,2026-05-22,2026-05-22,15:30,2026-05-26,08:59,2026-05-26,pre_close_cutoff,005930,sell,5,30 만 원 저항선 근접 및 거래량 위축으로 단기 조정 가능성 존재. 수익 실현 욕구 (처분효과) 와 현금 부족으로 인한 대응력 확보 필요.
chunk_012_2026-05-20_2026-05-27,2026-05-26,7,am,A014,2026-05-26,2026-05-22,2026-05-22,15:30,2026-05-26,08:59,2026-05-26,pre_close_cutoff,005930,sell,100,30 만 원 저항선 근접 및 레버리지 ETF 로 인한 단기 변동성 우려로 매도. MA5(28 만 4 천 원) 지지 확인 전까지는 매수 타이밍으로 보기 어려움.
chunk_012_2026-05-20_2026-05-27,2026-05-26,7,am,A012,2026-05-26,2026-05-22,2026-05-22,15:30,2026-05-26,08:59,2026-05-26,pre_close_cutoff,005930,sell,50,30 만 원 저항선 부근 매도 압력 및 주주 소송 리스크로 변동성 확대 우려. 수익 실현 성향에 따라 보유 물량의 일부를 매도하여 리스크 관리.
chunk_012_2026-05-20_2026-05-27,2026-05-26,7,am,A015,2026-05-26,2026-05-22,2026-05-22,15:30,2026-05-26,08:59,2026-05-26,pre_close_cutoff,005930,sell,50,"단기 기술적 저항선 (29 만 8 천 원) 과 외국인 매도세로 인한 변동성 확대 우려가 있어, 가치 투자 관점에서 수익 실현 및 현금 비중 확대를 통해 향후 조정 시 매수 기회 대비합니다."
chunk_012_2026-05-20_2026-05-27,2026-05-26,7,am,A016,2026-05-26,2026-05-22,2026-05-22,15:30,2026-05-26,08:59,2026-05-26,pre_close_cutoff,005930,sell,100,"지배구조 리스크 (주주 충실의무 위반) 와 거시적 불확실성이 지속되므로, 기술적 반등에도 불구하고 리스크 관리를 위해 보유 주식을 전량 매도합니다. 현재가 (298,000 원) 가 평균 매수 단가 (296,250 원) 를 상회하여 수익 실현도 가능합니다."
chunk_012_2026-05-20_2026-05-27,2026-05-26,7,am,A017,2026-05-26,2026-05-22,2026-05-22,15:30,2026-05-26,08:59,2026-05-26,pre_close_cutoff,005930,sell,100,"외국인 대규모 매도와 레버리지 ETF 출시로 인한 단기 변동성 우려가 지배적이며, 기술적 지지선 확인 전까지는 현금 비중을 유지하며 관망하는 것이 리스크 관리에 적합하다고 판단했습니다."
chunk_012_2026-05-20_2026-05-27,2026-05-26,7,am,A018,2026-05-26,2026-05-22,2026-05-22,15:30,2026-05-26,08:59,2026-05-26,pre_close_cutoff,005930,sell,12,노사 갈등 헤드라인과 거래량 부족으로 상승 한계 예상. 수익 실현 (Disposition Effect) 전략에 따라 매도. 거래 제한 (max_single_trade_cash) 을 고려하여 최대 수량인 12 주로 설정.
chunk_012_2026-05-20_2026-05-27,2026-05-26,7,am,A019,2026-05-26,2026-05-22,2026-05-22,15:30,2026-05-26,08:59,2026-05-26,pre_close_cutoff,005930,sell,80,"현재가 29 만 8 천 원은 30 만 원 저항선 부근으로 안전마진이 축소되었으며, 내재가치 대비 적정선 상단에 위치함. 28 만 5 천 원 이하의 매력적 진입점을 기다리기 위해 수익 확정 매도를 실행함."
chunk_012_2026-05-20_2026-05-27,2026-05-26,7,am,A020,2026-05-26,2026-05-22,2026-05-22,15:30,2026-05-26,08:59,2026-05-26,pre_close_cutoff,005930,sell,5,외국인 10 조 원 매도세와 MA5 상단 기술적 저항으로 단기 하방 압력이 강해짐. 현금 잔액이 부족하여 변동성 대응 여력 확보를 위해 소량 매도한다.
chunk_012_2026-05-20_2026-05-27,2026-05-26,7,am,A021,2026-05-26,2026-05-22,2026-05-22,15:30,2026-05-26,08:59,2026-05-26,pre_close_cutoff,005930,sell,69,"노사 갈등 및 파업 우려로 인한 뉴스 리스크가 불안정성을 유발하고 있어, 안정성을 중시하는 투자자로서 위험 노출을 줄입니다. 기술적 지지선이 유지되나 단기 변동성 확대 우려로 매도하여 리스크를 회피합니다."
chunk_012_2026-05-20_2026-05-27,2026-05-26,7,am,A022,2026-05-26,2026-05-22,2026-05-22,15:30,2026-05-26,08:59,2026-05-26,pre_close_cutoff,005930,buy,10,"시스템 제약으로 매수 행동이 강제되었으나, 현재가 (29 만 8 천 원) 가 내재가치 대비 고평가 구간이므로 포트폴리오 현금 100% 상태에서 최소한의 수량으로 진입하여 리스크를 제한합니다."
chunk_012_2026-05-20_2026-05-27,2026-05-26,7,am,A023,2026-05-26,2026-05-22,2026-05-22,15:30,2026-05-26,08:59,2026-05-26,pre_close_cutoff,005930,sell,50,"현재가 (298,000 원) 가 MA5 대비 프리미엄을 형성하여 밸류에이션이 적정선 상단에 위치하고 있으며, '주주 충실의무 위반' 헤드라인으로 인한 경영진 신뢰도 하락 리스크가 가치투자 원칙에 부합하지 않습니다. 단기 변동성 확대 우려 속에서 수익을 일부 확정하고 집중 투자 리스크를 관리합니다."
chunk_012_2026-05-20_2026-05-27,2026-05-26,7,am,A025,2026-05-26,2026-05-22,2026-05-22,15:30,2026-05-26,08:59,2026-05-26,pre_close_cutoff,005930,sell,50,"기술적 상승 추세 유지 중이나 거래량 급감 (-49%) 과 뉴스 악재 (노사 갈등, 소송) 로 단기 변동성 우려. 수익 실현 성향 (Disposition Effect) 에 따라 평균 매수 단가 대비 수익 상태인 현재가에서 일부 매도하여 리스크 관리."
chunk_012_2026-05-20_2026-05-27,2026-05-26,7,am,A026,2026-05-26,2026-05-22,2026-05-22,15:30,2026-05-26,08:59,2026-05-26,pre_close_cutoff,005930,sell,10,부정적 뉴스 (노사 갈등) 와 고가 매수 위험 (MA20 대비 프리미엄) 으로 인해 리스크 관리 차원에서 일부 매도합니다.
chunk_012_2026-05-20_2026-05-27,2026-05-26,7,am,A027,2026-05-26,2026-05-22,2026-05-22,15:30,2026-05-26,08:59,2026-05-26,pre_close_cutoff,005930,sell,50,"뉴스 헤드라인 (주주 소송, 노사 갈등) 로 인한 불안감과 단기 변동성 우려로 수익 일부 실현 및 단일 종목 집중 리스크를 줄입니다."
chunk_012_2026-05-20_2026-05-27,2026-05-26,7,am,A024,2026-05-26,2026-05-22,2026-05-22,15:30,2026-05-26,08:59,2026-05-26,pre_close_cutoff,005930,buy,14,"공시가 298,000 원은 30 만 원 저항선 부근이나 MA20(260,750 원) 강력한 지지 유지. 고위험 선호 성향으로 사이클 회복 기대에 따른 돌파 전 매수 기회로 판단."
chunk_012_2026-05-20_2026-05-27,2026-05-26,7,am,A028,2026-05-26,2026-05-22,2026-05-22,15:30,2026-05-26,08:59,2026-05-26,pre_close_cutoff,005930,sell,1,"fallback_decision_after_invalid_llm_output: the model failed to return a valid decision after retry, so the system submitted a minimal valid sell order."
chunk_012_2026-05-20_2026-05-27,2026-05-26,7,am,A030,2026-05-26,2026-05-22,2026-05-22,15:30,2026-05-26,08:59,2026-05-26,pre_close_cutoff,005930,sell,100,"단기 노사 갈등과 거래량 부진으로 주가 조정 우려가 높습니다. 현재가 29 만 8 천 원은 내재가치 대비 매력적이지 않아, 목표 저가 (28 만 원 선) 매수 기회를 위해 보유 주식 전량 매도하여 현금화합니다."
chunk_012_2026-05-20_2026-05-27,2026-05-26,7,am,A029,2026-05-26,2026-05-22,2026-05-22,15:30,2026-05-26,08:59,2026-05-26,pre_close_cutoff,005930,sell,10,"공시가 (29 만 8 천 원) 가 핵심 지지선 (29 만 원) 을 상회하여 단기 과열 우려가 있으며, Belief 에 명시된 '현재가에서 매수보다는 지지선 확인 후 접근' 원칙에 따라 매수 대신 수익 실현 매도를 선택합니다. 현금 비중 (6%) 이 낮아 매수 여력 확보가 필요하며, 노조 갈등 등 뉴스 리스크에 대비해 보유 주식 일부 (10 주) 를 매도하여 리스크를 분산합니다."
chunk_012_2026-05-20_2026-05-27,2026-05-26,8,pm,A002,2026-05-26,2026-05-26,2026-05-26,08:59,2026-05-26,15:30,2026-05-26,pre_close_cutoff,005930,buy,50,"반도체 호황 지속과 우상향 흐름에 대한 믿음으로, 손익분기점 부근에서 매도보다는 매수를 통해 수익 기회 포착. 높은 현금 비중을 활용하여 포트폴리오 비중 확대."
chunk_012_2026-05-20_2026-05-27,2026-05-26,8,pm,A004,2026-05-26,2026-05-26,2026-05-26,08:59,2026-05-26,15:30,2026-05-26,pre_close_cutoff,005930,sell,70,"현재가 299,000 원은 MA20 대비 13% 프리미엄으로 과매수 구간이며, 수익 실현 시 빠르게 매도하는 처분효과 성향에 따라 수익을 확정합니다."
chunk_012_2026-05-20_2026-05-27,2026-05-26,8,pm,A001,2026-05-26,2026-05-26,2026-05-26,08:59,2026-05-26,15:30,2026-05-26,pre_close_cutoff,005930,sell,5,"현재 주가가 30 만 원 심리적 저항선 부근에 도달하여 단기 조정 가능성이 높고, 내재가치 대비 평가가 다소 높게 형성되어 있습니다. 가치 투자 관점에서 수익 일부 실현 후 조정 시 저가 매수 기회를 기다리는 것이 안전합니다."
chunk_012_2026-05-20_2026-05-27,2026-05-26,8,pm,A003,2026-05-26,2026-05-26,2026-05-26,08:59,2026-05-26,15:30,2026-05-26,pre_close_cutoff,005930,buy,50,"반도체 호황 전망과 노사 리스크 해소에 따른 상승 모멘텀을 신뢰하며, 높은 현금 비중을 활용해 추가 매수 기회를 포착합니다. 내재가치 대비 적정 구간이지만 성장성에 집중합니다."
chunk_012_2026-05-20_2026-05-27,2026-05-26,8,pm,A006,2026-05-26,2026-05-26,2026-05-26,08:59,2026-05-26,15:30,2026-05-26,pre_close_cutoff,005930,buy,100,MA5 회복과 반도체 업황 호조로 상승 모멘텀 확인. 30 만 원 저항선 직전이지만 기술적 강세에 따라 진입. 현금 100% 상태이므로 포트폴리오 구성 필요.
chunk_012_2026-05-20_2026-05-27,2026-05-26,8,pm,A005,2026-05-26,2026-05-26,2026-05-26,08:59,2026-05-26,15:30,2026-05-26,pre_close_cutoff,005930,sell,30,"30 만 원 부근의 심리적 저항선과 안전마진 축소를 고려하여 일부 수익 실현을 통해 현금 비중을 확대합니다. 중장기 우상향 흐름은 유지되나, 단기 조정 시 매수 여력을 확보하기 위한 리스크 관리 차원입니다."
chunk_012_2026-05-20_2026-05-27,2026-05-26,8,pm,A008,2026-05-26,2026-05-26,2026-05-26,08:59,2026-05-26,15:30,2026-05-26,pre_close_cutoff,005930,buy,83,"반도체 수출 호황과 거래량 급증 (+27%) 으로 단기 상승 모멘텀이 강하며, MA5 지지 확인으로 기술적 매수 신호가 명확함. 고위험 고수익 성향에 따라 추격 매수 기회로 판단."
chunk_012_2026-05-20_2026-05-27,2026-05-26,8,pm,A007,2026-05-26,2026-05-26,2026-05-26,08:59,2026-05-26,15:30,2026-05-26,pre_close_cutoff,005930,buy,10,현재 주가가 내재가치 대비 저평가 구간이며 반도체 업황 회복 모멘텀이 유효함. 다만 경영진 논란과 단기 변동성 리스크를 고려하여 소량 매수.
chunk_012_2026-05-20_2026-05-27,2026-05-26,8,pm,A010,2026-05-26,2026-05-26,2026-05-26,08:59,2026-05-26,15:30,2026-05-26,pre_close_cutoff,005930,sell,50,내재가치 대비 현재 주가가 과대평가되었고 자회사와의 밸류에이션 괴리 우려가 있어 단기 조정 가능성을 고려합니다.
chunk_012_2026-05-20_2026-05-27,2026-05-26,8,pm,A009,2026-05-26,2026-05-26,2026-05-26,08:59,2026-05-26,15:30,2026-05-26,pre_close_cutoff,005930,buy,50,기술적 MA5 지지 및 30 만 원 돌파 모멘텀 확인. 반도체 섹터 상승세와 뉴스 호환으로 추세 추종 매수 결정.
chunk_012_2026-05-20_2026-05-27,2026-05-26,8,pm,A011,2026-05-26,2026-05-26,2026-05-26,08:59,2026-05-26,15:30,2026-05-26,pre_close_cutoff,005930,sell,10,30 만 원 저항선 부근에서 단기 변동성 확대 우려와 현재 현금 비중 (8%) 이 낮아 리스크 관리가 필요하다고 판단됩니다. Dim 6 에서 언급된 현금 부족으로 인한 추가 기회 대응 제한을 해소하기 위해 일부 수익 실현을 진행합니다.
chunk_012_2026-05-20_2026-05-27,2026-05-26,8,pm,A013,2026-05-26,2026-05-26,2026-05-26,08:59,2026-05-26,15:30,2026-05-26,pre_close_cutoff,005930,buy,7,"반도체 섹터 강세와 수출 호황 기대감, 거래량 증가로 상승 모멘텀이 확인됨. 30 만 원 저항선 돌파 가능성에 따라 고위험 선호 성향을 반영해 추격 매수."
chunk_012_2026-05-20_2026-05-27,2026-05-26,8,pm,A014,2026-05-26,2026-05-26,2026-05-26,08:59,2026-05-26,15:30,2026-05-26,pre_close_cutoff,005930,buy,167,"MA5 상회 및 거래량 증가로 상승 모멘텀이 강해졌으며, 30 만 원 저항선 직전이지만 현금 50% 한도 내에서 집중 투자합니다."
chunk_012_2026-05-20_2026-05-27,2026-05-26,8,pm,A012,2026-05-26,2026-05-26,2026-05-26,08:59,2026-05-26,15:30,2026-05-26,pre_close_cutoff,005930,sell,100,"30 만 원 저항선 직전 (299,000 원) 에서 기술적 돌파 확인 전까지는 추가 상승 여력이 제한적이며, 실적 확인 전 변동성 리스크가 존재함. 수익 실현 원칙 (Disposition Effect) 에 따라 현재 수익 구간에서 추가 매수보다는 수익 확정 매도를 선택함."
chunk_012_2026-05-20_2026-05-27,2026-05-26,8,pm,A015,2026-05-26,2026-05-26,2026-05-26,08:59,2026-05-26,15:30,2026-05-26,pre_close_cutoff,005930,sell,20,"지배구조 논란과 밸류에이션 부담으로 인해 단기 변동성 관리가 필요하며, 현재 수익 구간에서 일부 매도하여 리스크를 축소합니다."
chunk_012_2026-05-20_2026-05-27,2026-05-26,8,pm,A016,2026-05-26,2026-05-26,2026-05-26,08:59,2026-05-26,15:30,2026-05-26,pre_close_cutoff,005930,buy,100,"반도체 업황 회복 기대와 기술적 지지선 유지로 매수 필요성이 있으나, 현재 가격이 내재가치 적정 수준이므로 과열 우려가 있음. 거래 제약으로 매수 필수이므로, 초기 진입을 위해 현금의 30% 수준인 100 주를 매수하여 리스크를 분산합니다."
chunk_012_2026-05-20_2026-05-27,2026-05-26,8,pm,A018,2026-05-26,2026-05-26,2026-05-26,08:59,2026-05-26,15:30,2026-05-26,pre_close_cutoff,005930,sell,30,수익 구간에서 처분효과에 따른 차익 실현 매도. 기술적 상승 신호는 있으나 현금 부족과 집중 리스크 관리 필요.
chunk_012_2026-05-20_2026-05-27,2026-05-26,8,pm,A017,2026-05-26,2026-05-26,2026-05-26,08:59,2026-05-26,15:30,2026-05-26,pre_close_cutoff,005930,buy,100,MA5 돌파 및 거래량 증가 등 기술적 강세 신호를 확인하여 매수 진입. 다만 경영진 성과급 논란 등 거버넌스 리스크로 인해 전체 현금의 50% 제한 내에서 적정 수준인 100 주로 제한적으로 매수.
chunk_012_2026-05-20_2026-05-27,2026-05-26,8,pm,A020,2026-05-26,2026-05-26,2026-05-26,08:59,2026-05-26,15:30,2026-05-26,pre_close_cutoff,005930,sell,5,현금 비중이 4.6% 로 낮아 조정 시 대응력이 부족하므로 수익 실현을 통해 유동성을 확보합니다. 기술적 강세는 있으나 자회사 모멘텀 부재와 경영 리스크로 추격 매수는 자제합니다.
chunk_012_2026-05-20_2026-05-27,2026-05-26,8,pm,A019,2026-05-26,2026-05-26,2026-05-26,08:59,2026-05-26,15:30,2026-05-26,pre_close_cutoff,005930,buy,100,"제약 조건상 매수 필수이나, 30 만 원 저항선 부근의 기술적 부담을 고려하여 현금 비중을 유지하는 범위 내에서 제한적 매수합니다."
chunk_012_2026-05-20_2026-05-27,2026-05-26,8,pm,A022,2026-05-26,2026-05-26,2026-05-26,08:59,2026-05-26,15:30,2026-05-26,pre_close_cutoff,005930,sell,10,30 만 원 저항선 부근에서 밸류에이션 부담이 크고 내재가치 상단에 위치하여 추가 매수보다는 현금 유지 전략이 유효합니다. 단일 종목 집중 리스크를 줄이고 내재가치 회복을 기다리기 위해 전량 매도합니다.
chunk_012_2026-05-20_2026-05-27,2026-05-26,8,pm,A021,2026-05-26,2026-05-26,2026-05-26,08:59,2026-05-26,15:30,2026-05-26,pre_close_cutoff,005930,buy,50,"기술적 지표 (MA 정배열, 거래량 증가) 와 업황 호전 뉴스로 매수 관점 우위 전환. 30 만 원 저항선 직전이나 상승 모멘텀이 강해 제한적 매수."
chunk_012_2026-05-20_2026-05-27,2026-05-26,8,pm,A023,2026-05-26,2026-05-26,2026-05-26,08:59,2026-05-26,15:30,2026-05-26,pre_close_cutoff,005930,sell,50,"단기 이동평균선 대비 주가가 과열 상태이며, 차익 실현 매물 출현 가능성이 있어 가치투자 관점에서 추격 매수를 자제하고 수익을 확정합니다."
chunk_012_2026-05-20_2026-05-27,2026-05-26,8,pm,A024,2026-05-26,2026-05-26,2026-05-26,08:59,2026-05-26,15:30,2026-05-26,pre_close_cutoff,005930,buy,6,"기술적 돌파와 반도체 호황 신호에 따라 상승 추세를 믿고 매수합니다. 수익 보유 성향에 따라 매도보다는 매수를 선택하며, 현금 부족으로 인해 최대 매수 수량인 6 주를 주문합니다."
chunk_012_2026-05-20_2026-05-27,2026-05-26,8,pm,A025,2026-05-26,2026-05-26,2026-05-26,08:59,2026-05-26,15:30,2026-05-26,pre_close_cutoff,005930,buy,100,"MA5 상회 및 거래량 증가로 상승 추세 확인, 현금 보유 여력 활용하여 추세 추종 전략에 따라 매수."
chunk_012_2026-05-20_2026-05-27,2026-05-26,8,pm,A026,2026-05-26,2026-05-26,2026-05-26,08:59,2026-05-26,15:30,2026-05-26,pre_close_cutoff,005930,buy,20,반도체 수출 호황과 히트펌프 수주로 내재가치가 상승하여 현재 주가는 저평가 구간입니다. 현금 여력이 충분하므로 추가 매수를 통해 장기 보유 가치를 확보합니다.
chunk_012_2026-05-20_2026-05-27,2026-05-26,8,pm,A027,2026-05-26,2026-05-26,2026-05-26,08:59,2026-05-26,15:30,2026-05-26,pre_close_cutoff,005930,buy,50,"기술적 지표 (거래량 증가, 이동평균 우상향) 와 수출 호황 뉴스에 따라 상승 모멘텀이 유지되므로, 현금 여력을 활용해 추가 매수합니다."
chunk_012_2026-05-20_2026-05-27,2026-05-26,8,pm,A028,2026-05-26,2026-05-26,2026-05-26,08:59,2026-05-26,15:30,2026-05-26,pre_close_cutoff,005930,buy,8,"반도체 수출 호황과 기술적 상승 추세 (MA5, MA20 지지) 가 중기 상승을 지지하므로, 고위험 고수익 성향에 따라 보유 현금 범위 내에서 최대 수량 매수."
chunk_012_2026-05-20_2026-05-27,2026-05-26,8,pm,A029,2026-05-26,2026-05-26,2026-05-26,08:59,2026-05-26,15:30,2026-05-26,pre_close_cutoff,005930,buy,15,"30 만 원 돌파 직전 기술적 모멘텀이 강세이며, Belief 에 명시된 대로 추세 추종 전략을 적용함. 이전 27 만 5 천 원 매도가 너무 이르게 이루어져 상승분을 놓친 점을 반성하여, 현재 상승 여력을 최대한 활용하기 위해 매수."
chunk_012_2026-05-20_2026-05-27,2026-05-26,8,pm,A030,2026-05-26,2026-05-26,2026-05-26,08:59,2026-05-26,15:30,2026-05-26,pre_close_cutoff,005930,buy,10,"시스템 매수 강제 조건에 따라 진입하나, belief 에 따른 고점 부근 리스크로 소량 매수. 반도체 업황 호재는 중장기적이나 단기 변동성 대비를 위해 현금 비중 대폭 유지."
chunk_012_2026-05-20_2026-05-27,2026-05-27,9,am,A004,2026-05-27,2026-05-26,2026-05-26,15:30,2026-05-27,08:59,2026-05-27,pre_close_cutoff,005930,sell,100,"수익 상태 (9.2%) 로 처분효과에 따라 수익 확정 매도를 실행하며, 노조 파업 헤드라인 리스크와 단기 과매수 구간을 고려합니다."
chunk_012_2026-05-20_2026-05-27,2026-05-27,9,am,A003,2026-05-27,2026-05-26,2026-05-26,15:30,2026-05-27,08:59,2026-05-27,pre_close_cutoff,005930,sell,10,단기 7% 급등으로 기술적 과열 및 밸류에이션 부담 증가. 내재가치 상단 구간에서 수익 일부 실현하여 조정 시 추가 매수 여력 확보.
chunk_012_2026-05-20_2026-05-27,2026-05-27,9,am,A002,2026-05-27,2026-05-26,2026-05-26,15:30,2026-05-27,08:59,2026-05-27,pre_close_cutoff,005930,sell,10,단기 급등 (7.5%) 으로 밸류에이션이 적정 수준을 상회하여 차익 실현 및 집중 투자 리스크 관리를 위해 일부 매도합니다.
chunk_012_2026-05-20_2026-05-27,2026-05-27,9,am,A001,2026-05-27,2026-05-26,2026-05-26,15:30,2026-05-27,08:59,2026-05-27,pre_close_cutoff,005930,sell,30,단기 급등으로 인한 과열 우려와 내재가치 대비 안전마진 축소로 수익 보호가 우선입니다. 조정 시 매수 기회를 기다리기 위해 전량 매도합니다.
chunk_012_2026-05-20_2026-05-27,2026-05-27,9,am,A005,2026-05-27,2026-05-26,2026-05-26,15:30,2026-05-27,08:59,2026-05-27,pre_close_cutoff,005930,sell,40,"현재 주가 (321,500 원) 가 평균 매수 단가 대비 11.8% 상승하여 수익 실현 구간이며, 단기 급등으로 인한 과열 신호와 노조 파업 악재로 안전마진이 축소되었습니다. 가치투자 원칙에 따라 고점 매도와 현금 확보가 적절합니다."
chunk_012_2026-05-20_2026-05-27,2026-05-27,9,am,A008,2026-05-27,2026-05-26,2026-05-26,15:30,2026-05-27,08:59,2026-05-27,pre_close_cutoff,005930,buy,39,"기술적 돌파 신호 (MA5>MA20, 거래량 증가) 와 메모리 업황 회복 (마이크론 시총 1 조 달러) 을 근거로 공격적 추격 매수를 결정합니다. 현재 수익 상태가 양호하여 현금 50% 한도 내에서 최대 수량으로 진입합니다."
chunk_012_2026-05-20_2026-05-27,2026-05-27,9,am,A009,2026-05-27,2026-05-26,2026-05-26,15:30,2026-05-27,08:59,2026-05-27,pre_close_cutoff,005930,buy,20,기술적 돌파 신호 유효 및 글로벌 반도체 호재로 상승 추세 지속 예상. 과거 조기 매도 실수를 교훈으로 추세를 신뢰하여 매수.
chunk_012_2026-05-20_2026-05-27,2026-05-27,9,am,A006,2026-05-27,2026-05-26,2026-05-26,15:30,2026-05-27,08:59,2026-05-27,pre_close_cutoff,005930,sell,100,"현재 주가 (321,500 원) 가 평균 매수 단가 (299,000 원) 를 상회하여 수익 실현 가능. Belief 에 단기 조정 리스크와 노사 이슈가 있어 추격 매수 자제 필요. 관망 (hold) 불가로 수익 확정 후 조정 대기 전략 적용."
chunk_012_2026-05-20_2026-05-27,2026-05-27,9,am,A010,2026-05-27,2026-05-26,2026-05-26,15:30,2026-05-27,08:59,2026-05-27,pre_close_cutoff,005930,sell,50,Short-term overheat and valuation burden (PE/PB high) suggest correction risk. Selling 50 shares locks in profits and increases cash buffer.
chunk_012_2026-05-20_2026-05-27,2026-05-27,9,am,A011,2026-05-27,2026-05-26,2026-05-26,15:30,2026-05-27,08:59,2026-05-27,pre_close_cutoff,005930,buy,17,"코스피 8000 돌파 및 ETF 유동성 공급으로 강세 장세가 지속되고 있으며, AI 수요 호조로 장기 성장성이 유효합니다. 고위험 고수익 선호 성향과 수익 보유 전략에 따라 상승 추세를 따라 추가 매수합니다."
chunk_012_2026-05-20_2026-05-27,2026-05-27,9,am,A007,2026-05-27,2026-05-26,2026-05-26,15:30,2026-05-27,08:59,2026-05-27,pre_close_cutoff,005930,sell,20,"현재 주가 (32 만 1 천 5 백 원) 가 밸류에이션 부담 구간으로 판단되며, 노사 갈등 및 기술 격차 리스크로 단기 조정 가능성 있음. 수익 실현을 통해 리스크를 관리하고, 향후 30~31 만 원 구간에서 저가 매수 기회를 노리기 위함."
chunk_012_2026-05-20_2026-05-27,2026-05-27,9,am,A012,2026-05-27,2026-05-26,2026-05-26,15:30,2026-05-27,08:59,2026-05-27,pre_close_cutoff,005930,buy,150,"기술적 지표 (MA 정배열, 거래량 증가) 와 30 만 원 돌파 신호를 신뢰하여 매수합니다. 다만 급등으로 인한 과열 구간 진입을 경계하여 최대 거래 한도 내에서도 제한적 수량으로 진입합니다."
chunk_012_2026-05-20_2026-05-27,2026-05-27,9,am,A013,2026-05-27,2026-05-26,2026-05-26,15:30,2026-05-27,08:59,2026-05-27,pre_close_cutoff,005930,buy,3,"30 만 원 저항선 돌파로 상승 궤도가 확정되었으며, 기술적 지표와 뉴스 호재가 일치해 추세 추종 관점에서 매수합니다. 현금 비중이 낮으나 집중 투자 성향과 고위험 선호에 따라 제한된 자금으로 추세를 강화합니다."
chunk_012_2026-05-20_2026-05-27,2026-05-27,9,am,A015,2026-05-27,2026-05-26,2026-05-26,15:30,2026-05-27,08:59,2026-05-27,pre_close_cutoff,005930,sell,30,현재 주가가 내재가치 상단 구간인 32 만 원 저항선에 근접하여 밸류에이션 부담이 존재함. 단기 변동성 가능성과 수익 실현 매도세 공존으로 가치투자 관점에서 일부 수익 보호를 위해 매도 결정.
chunk_012_2026-05-20_2026-05-27,2026-05-27,9,am,A016,2026-05-27,2026-05-26,2026-05-26,15:30,2026-05-27,08:59,2026-05-27,pre_close_cutoff,005930,sell,100,"주가가 299,000 원에서 321,500 원으로 급등하여 단기 밸류에이션 부담이 커졌고, Belief 에서 언급된 과열 경계 및 조정 리스크를 고려함. 가치 투자 관점에서 내재가치 대비 현재가치가 높게 형성된 수익 실현 구간으로 판단하여 전량 매도함."
chunk_012_2026-05-20_2026-05-27,2026-05-27,9,am,A014,2026-05-27,2026-05-26,2026-05-26,15:30,2026-05-27,08:59,2026-05-27,pre_close_cutoff,005930,buy,30,"기술적 돌파 신호 (32 만 원) 와 상승 추세 강도 확인, 업황 호조로 매수 기회로 판단. 현금 여력 충분."
chunk_012_2026-05-20_2026-05-27,2026-05-27,9,am,A019,2026-05-27,2026-05-26,2026-05-26,15:30,2026-05-27,08:59,2026-05-27,pre_close_cutoff,005930,sell,100,"현재 주가 32 만 1,500 원은 내재가치 상단으로 판단되며, 코스피 8,000 돌파 등 시장 과열 징후가 뚜렷합니다. 가치투자 원칙과 수익 실현 경향 (Disposition Effect) 에 따라 단기 조정 리스크를 피하기 위해 보유 주식을 전량 매도합니다."
chunk_012_2026-05-20_2026-05-27,2026-05-27,9,am,A018,2026-05-27,2026-05-26,2026-05-26,15:30,2026-05-27,08:59,2026-05-27,pre_close_cutoff,005930,buy,31,"코스피 8000 돌파와 반도체 섹터 호조로 모멘텀이 우위이며, 기술적 돌파 신호가 명확함. 수익 구간이지만 고위험 고수익 성향에 따라 상승 추세를 추종하여 매수."
chunk_012_2026-05-20_2026-05-27,2026-05-27,9,am,A017,2026-05-27,2026-05-26,2026-05-26,15:30,2026-05-27,08:59,2026-05-27,pre_close_cutoff,005930,sell,50,32 만 원대 심리적 저항선과 밸류에이션 부담으로 안전마진 확보 필요. 단기 상승 추세는 유지되나 변동성 우려로 일부 수익 실현을 통해 집중 리스크 관리.
chunk_012_2026-05-20_2026-05-27,2026-05-27,9,am,A022,2026-05-27,2026-05-26,2026-05-26,15:30,2026-05-27,08:59,2026-05-27,pre_close_cutoff,005930,buy,10,"시스템 제약으로 매수 필수이나, 현재 주가는 내재가치 대비 고평가 구간이므로 최소한의 수량으로 진입하여 시장 참여를 유지합니다."
chunk_012_2026-05-20_2026-05-27,2026-05-27,9,am,A020,2026-05-27,2026-05-26,2026-05-26,15:30,2026-05-27,08:59,2026-05-27,pre_close_cutoff,005930,buy,9,"기술적 30 만 원 저항선 돌파와 거래량 급증으로 상승 모멘텀이 강력하며, 노조 합의 및 거시 호재가 일치함. 고위험 고수익 전략에 따라 추세 추종 매수."
chunk_012_2026-05-20_2026-05-27,2026-05-27,9,am,A021,2026-05-27,2026-05-26,2026-05-26,15:30,2026-05-27,08:59,2026-05-27,pre_close_cutoff,005930,buy,40,30 만 원 저항선 돌파 확인 및 메모리 반도체 업황 호전으로 상승 모멘텀이 강함. 현금 비중 47% 로 여유 자금이 충분하여 추세 추종 전략에 따라 추가 매수.
chunk_012_2026-05-20_2026-05-27,2026-05-27,9,am,A023,2026-05-27,2026-05-26,2026-05-26,15:30,2026-05-27,08:59,2026-05-27,pre_close_cutoff,005930,buy,100,"메모리 반도체 업황 회복과 경쟁사 시총 1 조 달러 돌파로 내재가치 재평가 필요성이 높다고 판단. 급등했으나 여전히 저평가 구간이며, 현금 비중이 높아 추가 매수 여력이 충분함."
chunk_012_2026-05-20_2026-05-27,2026-05-27,9,am,A024,2026-05-27,2026-05-26,2026-05-26,15:30,2026-05-27,08:59,2026-05-27,pre_close_cutoff,005930,buy,3,"마이크론 시총 1 조 달러 돌파와 삼성전자의 기술적 돌파 (32 만 원) 로 메모리 사이클 회복이 확신되며, 고위험 선호 성향에 따라 모멘텀을 우선시합니다. 현금 여력 내에서 최대 매수 수량을 적용하여 상승 여력을 확보합니다."
chunk_012_2026-05-20_2026-05-27,2026-05-27,9,am,A025,2026-05-27,2026-05-26,2026-05-26,15:30,2026-05-27,08:59,2026-05-27,pre_close_cutoff,005930,sell,50,"현재 주가가 이동평균선 대비 11% 이상 상승하여 기술적 과열 구간이며, 레버리지 ETF 로 인한 변동성 우려가 커짐. 수익 실현 성향이 강한 투자자로서 밸류에이션 부담이 있는 구간에서 일부 매도하여 수익을 확정합니다."
chunk_012_2026-05-20_2026-05-27,2026-05-27,9,am,A027,2026-05-27,2026-05-26,2026-05-26,15:30,2026-05-27,08:59,2026-05-27,pre_close_cutoff,005930,buy,50,30 만 원 저항선 돌파와 골든 크로스 등 기술적 상승 신호가 명확하여 추세 추종 전략에 따라 매수. 수익 상태이므로 처분효과에 따라 매도보다는 추세 지속에 집중.
chunk_012_2026-05-20_2026-05-27,2026-05-27,9,am,A028,2026-05-27,2026-05-26,2026-05-26,15:30,2026-05-27,08:59,2026-05-27,pre_close_cutoff,005930,buy,3,"강한 상승 추세와 기술적 돌파 신호 (MA5 상회) 에 따라 추세 추종 전략을 유지합니다. 고위험 고수익 선호 성향에 부합하며, 반도체 사이클 회복 기대감이 상승 모멘텀을 뒷받침합니다."
chunk_012_2026-05-20_2026-05-27,2026-05-27,9,am,A029,2026-05-27,2026-05-26,2026-05-26,15:30,2026-05-27,08:59,2026-05-27,pre_close_cutoff,005930,buy,7,"기술적 돌파와 반도체 업황 회복 기대감으로 상승 모멘텀이 강력하며, 이전의 조기 매도 실수를 반성하여 이번에는 추세를 신뢰하고 모멘텀을 따라가야 한다는 신념에 따라 매수합니다."
chunk_012_2026-05-20_2026-05-27,2026-05-27,9,am,A026,2026-05-27,2026-05-26,2026-05-26,15:30,2026-05-27,08:59,2026-05-27,pre_close_cutoff,005930,sell,50,"공시가 32 만 원대 진입으로 밸류에이션 부담 발생, 단기 변동성 우려로 수익 일부 실현하며 리스크 관리합니다."
chunk_012_2026-05-20_2026-05-27,2026-05-27,9,am,A030,2026-05-27,2026-05-26,2026-05-26,15:30,2026-05-27,08:59,2026-05-27,pre_close_cutoff,005930,sell,10,"현재 시가 321,500 원은 내재가치 대비 과대평가되어 안전마진이 부족합니다. 노사 이슈와 섹터 혼조세로 변동성 위험이 크므로, 미실현 수익을 확정하고 현금 비중을 높이는 것이 가치 투자 원칙에 부합합니다."
chunk_012_2026-05-20_2026-05-27,2026-05-27,10,pm,A004,2026-05-27,2026-05-27,2026-05-27,08:59,2026-05-27,15:30,2026-05-27,pre_close_cutoff,005930,sell,24,당일 시가 대비 종가 -4.5% 하락으로 32 만 원 저항선 부근 매도 압력 확인. 수익 상태이므로 처분효과에 따라 수익 실현 우선. 뉴스상 거시 유동성 우려와 단기 조정 가능성으로 신중한 관망 필요.
chunk_012_2026-05-20_2026-05-27,2026-05-27,10,pm,A003,2026-05-27,2026-05-27,2026-05-27,08:59,2026-05-27,15:30,2026-05-27,pre_close_cutoff,005930,buy,50,"30 만 원 선 부근에서 내재가치 매수 기회로 판단하며, 유동성 리스크를 고려해 제한적으로 매수합니다."
chunk_012_2026-05-20_2026-05-27,2026-05-27,10,pm,A002,2026-05-27,2026-05-27,2026-05-27,08:59,2026-05-27,15:30,2026-05-27,pre_close_cutoff,005930,sell,10,가치평가 지표 부재와 거시 불확실성으로 안전마진 확보를 위해 일부 수익 실현을 진행합니다. 집중 투자 리스크를 완화하기 위해 현금 비중을 유지합니다.
chunk_012_2026-05-20_2026-05-27,2026-05-27,10,pm,A001,2026-05-27,2026-05-27,2026-05-27,08:59,2026-05-27,15:30,2026-05-27,pre_close_cutoff,005930,buy,50,"시스템 제약으로 매수만 가능하나, 삼성전자의 재무 점수 1 위와 반도체 업황 호조를 신뢰하여 소량 진입합니다. 현재가 30 만 7 천 원은 내재가치 대비 다소 높으나, 장기 우상향 기대에 따라 현금 여력을 확보한 상태에서 진입합니다."
chunk_012_2026-05-20_2026-05-27,2026-05-27,10,pm,A006,2026-05-27,2026-05-27,2026-05-27,08:59,2026-05-27,15:30,2026-05-27,pre_close_cutoff,005930,buy,150,"중장기 상승 추세와 메모리 호조로 매수 필요하나, 단기 조정 리스크로 최대 수량 대비 제한적 진입."
chunk_012_2026-05-20_2026-05-27,2026-05-27,10,pm,A007,2026-05-27,2026-05-27,2026-05-27,08:59,2026-05-27,15:30,2026-05-27,pre_close_cutoff,005930,buy,50,"현금充裕 상태이며, 고점 대비 조정된 가격 (307,000 원) 에서 내재가치 관점의 매수 기회로 판단. 노조 합의 등 호재와 기술적 지지선 (MA5) 유지로 중장기 상승 모멘텀 기대."
chunk_012_2026-05-20_2026-05-27,2026-05-27,10,pm,A008,2026-05-27,2026-05-27,2026-05-27,08:59,2026-05-27,15:30,2026-05-27,pre_close_cutoff,005930,sell,20,"단기 고거래량 하락으로 인한 조정 리스크가 존재하며, 현금 비중이 낮아 추가 대응 여력이 부족함. 수익 일부 실현을 통해 현금 여력을 확보하고 리스크를 관리합니다."
chunk_012_2026-05-20_2026-05-27,2026-05-27,10,pm,A005,2026-05-27,2026-05-27,2026-05-27,08:59,2026-05-27,15:30,2026-05-27,pre_close_cutoff,005930,buy,40,"30 만 7 천 원은 내재가치 적정 수준이며, 32 만 원 저항선까지 상승 여력이 있습니다. 글로벌 메모리 호조와 삼성의 재무적 우위를 근거로 단기 조정 시 매수 기회를 포착합니다."
chunk_012_2026-05-20_2026-05-27,2026-05-27,10,pm,A009,2026-05-27,2026-05-27,2026-05-27,08:59,2026-05-27,15:30,2026-05-27,pre_close_cutoff,005930,sell,22,오늘 오픈 매수분 (32 만 1 천 5 백 원) 대비 현재가 하락으로 단기 손실 발생. 기술적 추세는 유지되나 집중 투자 리스크와 변동성 관리를 위해 일부 매도.
chunk_012_2026-05-20_2026-05-27,2026-05-27,10,pm,A010,2026-05-27,2026-05-27,2026-05-27,08:59,2026-05-27,15:30,2026-05-27,pre_close_cutoff,005930,buy,50,"오늘 종가 (307,000 원) 가 시가 (321,500 원) 대비 하락하여 단기 조정 국면 진입. 장기 상승 추세 유효하므로 가치 투자 관점에서 조정 시 매수 기회로 판단. 수익 구간 유지 중이므로 수익 실현 매도보다는 내재가치 매수 우선."
chunk_012_2026-05-20_2026-05-27,2026-05-27,10,pm,A011,2026-05-27,2026-05-27,2026-05-27,08:59,2026-05-27,15:30,2026-05-27,pre_close_cutoff,005930,buy,9,"오늘 종가 307,000 원은 내재가치 대비 매력적인 30 만 원대 진입 구간이며, MA20 지지선 확보로 상승 모멘텀 유지 예상. 미국 메모리주 상승과 반도체 업황 호조로 성장성 확인. 현금 비중이 낮아 추가 매수로 포지션 강화."
chunk_012_2026-05-20_2026-05-27,2026-05-27,10,pm,A012,2026-05-27,2026-05-27,2026-05-27,08:59,2026-05-27,15:30,2026-05-27,pre_close_cutoff,005930,buy,50,"평균 단가 321,500 원 대비 현재가 307,000 원으로 손실 구간이므로 처분효과에 따른 추가 매수 기회로 판단. 기술적 지지선 유지 및 현금 여력 충분."
chunk_012_2026-05-20_2026-05-27,2026-05-27,10,pm,A013,2026-05-27,2026-05-27,2026-05-27,08:59,2026-05-27,15:30,2026-05-27,pre_close_cutoff,005930,buy,2,30 만 원 지지선 근접 및 나스닥 호조로 상승 모멘텀 유지. 오늘 매수분 손실로 평균 단가 하향 전략 적용. 고위험 고수익 선호로 조정 시 매수.
chunk_012_2026-05-20_2026-05-27,2026-05-27,10,pm,A014,2026-05-27,2026-05-27,2026-05-27,08:59,2026-05-27,15:30,2026-05-27,pre_close_cutoff,005930,sell,20,30 만 원 부근 기술적 저항선에서 매도 압력 확인 및 종가 하락으로 단기 조정 신호. 수익 실현 타이밍 늦은 과거 경험 반영하여 제한적 매도.
chunk_012_2026-05-20_2026-05-27,2026-05-27,10,pm,A015,2026-05-27,2026-05-27,2026-05-27,08:59,2026-05-27,15:30,2026-05-27,pre_close_cutoff,005930,sell,30,"현재 주가 307,000 원은 내재가치 상단에 위치하여 밸류에이션 부담이 크며, 단기 조정 신호가 확인됨. 가치투자 관점에서 차익 실현을 통해 현금 비중을 확대하고 조정 시 매수 기회를 확보함."
chunk_012_2026-05-20_2026-05-27,2026-05-27,10,pm,A016,2026-05-27,2026-05-27,2026-05-27,08:59,2026-05-27,15:30,2026-05-27,pre_close_cutoff,005930,buy,50,"현재 주가가 내재가치 대비 안전마진이 부족하나, 메모리 업황 호조와 현금 보유를 고려해 제한적으로 매수합니다."
chunk_012_2026-05-20_2026-05-27,2026-05-27,10,pm,A017,2026-05-27,2026-05-27,2026-05-27,08:59,2026-05-27,15:30,2026-05-27,pre_close_cutoff,005930,sell,50,단기 조정 가능성과 30 만 원 저항선 부근 밸류에이션 부담으로 수익 보호를 위해 보유 주식을 전량 매도합니다.
chunk_012_2026-05-20_2026-05-27,2026-05-27,10,pm,A018,2026-05-27,2026-05-27,2026-05-27,08:59,2026-05-27,15:30,2026-05-27,pre_close_cutoff,005930,buy,16,"반도체 업황 호조와 나스닥 상승세로 상승 추세 유효하며, 장중 고점 이탈 후 30 만 7 천 원으로 조정된 점은 고위험 고수익 성향에 따른 추격 매수 기회로 판단. 현재 수익 구간이나 최근 매수 단가 대비 하락하여 평균 단가 하향 효과도 기대."
chunk_012_2026-05-20_2026-05-27,2026-05-27,10,pm,A019,2026-05-27,2026-05-27,2026-05-27,08:59,2026-05-27,15:30,2026-05-27,pre_close_cutoff,005930,buy,150,"반도체 업황 회복과 재무 점수 1 위 등 장기적 가치평가 매력도 확인. 단기 고점 하락 (321,500→307,000) 은 매수 기회로 판단하여 핵심 포지션 확보."
chunk_012_2026-05-20_2026-05-27,2026-05-27,10,pm,A020,2026-05-27,2026-05-27,2026-05-27,08:59,2026-05-27,15:30,2026-05-27,pre_close_cutoff,005930,buy,5,"충북 지역 반도체 산업 성장 뉴스와 노사 합의 가결로 심리 개선. 기술적 지지선 부근 (307,000 원) 매수 기회로 판단."
chunk_012_2026-05-20_2026-05-27,2026-05-27,10,pm,A022,2026-05-27,2026-05-27,2026-05-27,08:59,2026-05-27,15:30,2026-05-27,pre_close_cutoff,005930,buy,50,"현재 종가 307,000 원은 평균 매수 단가 321,500 원보다 낮아 가치 투자 관점에서 매수 기회로 판단. 반도체 업황 회복과 재무 점수 1 위 등 기본적 우위가 확인되어 내재가치 상향 조정 가능성 있음. 높은 현금 비중 (96.6%) 으로 추가 매수 여력 확보."
chunk_012_2026-05-20_2026-05-27,2026-05-27,10,pm,A021,2026-05-27,2026-05-27,2026-05-27,08:59,2026-05-27,15:30,2026-05-27,pre_close_cutoff,005930,sell,50,"당일 시가 대비 종가 하락 (-4.5%) 으로 단기 조정 위험이 존재하나, 전체 포트폴리오는 수익 구간이므로 리스크 관리를 위해 일부 수익 실현 매도합니다. 기술적 지지선 (MA5) 부근까지 추가 하락 가능성에 대비합니다."
chunk_012_2026-05-20_2026-05-27,2026-05-27,10,pm,A023,2026-05-27,2026-05-27,2026-05-27,08:59,2026-05-27,15:30,2026-05-27,pre_close_cutoff,005930,buy,50,"현재가 307,000 원은 내재가치 대비 저평가 구간이며, 반도체 업황 회복과 섹터 모멘텀이 우상향을 지지함. 현금 비중이 높아 평균 매수 단가 하향 조정 및 가치 투자 원칙에 따른 매수."
chunk_012_2026-05-20_2026-05-27,2026-05-27,10,pm,A024,2026-05-27,2026-05-27,2026-05-27,08:59,2026-05-27,15:30,2026-05-27,pre_close_cutoff,005930,buy,2,"메모리 섹터 강세와 나스닥 상승 모멘텀 지속 예상, MA5 지지선 유지로 상승 추세 확인. 고위험 선호 성향에 따라 조정 구간에서 매수 기회로 판단."
chunk_012_2026-05-20_2026-05-27,2026-05-27,10,pm,A026,2026-05-27,2026-05-27,2026-05-27,08:59,2026-05-27,15:30,2026-05-27,pre_close_cutoff,005930,sell,20,"내재가치 상단 부근 밸류에이션 부담과 단기 조정 리스크를 고려하여, 수익 일부 실현 및 현금 확보 필요."
chunk_012_2026-05-20_2026-05-27,2026-05-27,10,pm,A025,2026-05-27,2026-05-27,2026-05-27,08:59,2026-05-27,15:30,2026-05-27,pre_close_cutoff,005930,sell,80,"단기 조정 리스크 (32 만 원 저항선 실패, 유동성 축소) 와 수익 실현 성향 (Disposition Effect) 에 따라 수익을 확정합니다. 중장기 상승 추세 유지를 위해 일부 지분은 보유합니다."
chunk_012_2026-05-20_2026-05-27,2026-05-27,10,pm,A027,2026-05-27,2026-05-27,2026-05-27,08:59,2026-05-27,15:30,2026-05-27,pre_close_cutoff,005930,sell,40,오늘 시가 대비 종가 -4.5% 하락하며 32 만 원 저항선에서 매도세 확인됨. 단기 조정 가능성과 수익 보호를 위해 일부 매도합니다.
chunk_012_2026-05-20_2026-05-27,2026-05-27,10,pm,A030,2026-05-27,2026-05-27,2026-05-27,08:59,2026-05-27,15:30,2026-05-27,pre_close_cutoff,005930,buy,100,"상승 추세 유지 중이나 내재가치 판단이 불확실하고 단기 조정 압력이 있어, 과거 성과 부진 경험을 반영해 보수적으로 진입합니다."
chunk_012_2026-05-20_2026-05-27,2026-05-27,10,pm,A029,2026-05-27,2026-05-27,2026-05-27,08:59,2026-05-27,15:30,2026-05-27,pre_close_cutoff,005930,sell,4,"수익 실현 (처분효과) 및 단기 조정 신호 (321,500→307,000 원 하락) 로 일부 매도. 기술적 지지선 유지 시 상승 추세는 유효하므로 핵심 포지션은 유지."
chunk_012_2026-05-20_2026-05-27,2026-05-27,10,pm,A028,2026-05-27,2026-05-27,2026-05-27,08:59,2026-05-27,15:30,2026-05-27,pre_close_cutoff,005930,sell,2,"단기 고점 이탈과 거래량 급증으로 인한 조정 가능성과 현금 비중 (1.3%) 부족을 고려하여, 수익 구간에서 일부 매도하여 현금 유동성을 확보합니다."
