cluster,rank,doc_type,date,text,label
0,1,post,2026-04-07,"AI 테마 상승 중이라 매도 타이밍 잡았습니다
오늘 장 마감 직전 삼성전자 100주를 팔았습니다. 뉴로모픽 반도체 관련해서 급등하는 모습을 보며 단기 모멘텀은 확실한데, 인플레이션 우려와 과열감이 느껴져 일부 수익 실현을 했습니다. 전일 매도 후 다시 올라갈 수도 있겠지만, 변동성 관리가 중요하다고 생각했어요. t044 때 큰 수익 봤지만, t053처럼 고",
0,2,post,2026-04-07,"삼성전자, 고점 매도 후 타이밍 조절 필요성 확인했습니다.
오늘 장 마감 직후 삼성전자 100주를 매도했습니다. 최근 뉴로모픽 반도체와 AI 테마로 주가가 급등하면서 기술적 상승 모멘텀이 지속되고 있어 단기적으로는 더 오를 것 같다는 기대감이 컸죠. 하지만 직전 매수 시 과열 우려로 일부 손실을 본 경험이 있어, 이번에는 수익 실현을 먼저 했습니다.

LG",
0,3,post,2026-04-07,"과열 우려에 일부 수익 실현... 여전히 장기 보유는 믿습니다
오늘 삼성전자를 일부 매도했습니다. 뉴로모픽 반도체와 온디바이스 AI 테마로 주가가 급등했는데, D램 가격 상승세 둔화 등 거시 변수가 변동성을 줄 수 있다는 생각이 들어 조금은 일찍 손익을 챙기는 게 낫겠다고 판단했거든요.

특히 최근 저가 매수 전략으로 성공한 적도 있지만, 고점 매수로 손실",
0,4,post,2026-04-07,"뉴로모픽 열풍 속, 일부 수익 실현하고 내리막길 대비합니다
오늘 삼성전자가 뉴로모픽 테마와 AI 호재에 힘입어 강하게 치솟았네요. 기술적 돌파 신호도 명확해서 분위기는 정말 좋았습니다.

하지만 최근 t053 때 고점 진입 후 손절했던 경험이 생각나서, 이번에는 과열 구간에서 조금이라도 더 안전하게 내려오기로 마음먹었어요. 그래서 오늘 장 마감 직전 매수한",
0,5,post,2026-04-21,"삼성전자, 박스권 돌파를 기다리며 조금 더 모았습니다.
오늘 장 마감 후 다시 한번 생각해보니, 최근 매수 타이밍은 괜찮았는데 팔 때 너무 일찍 내려가는 경우가 많았던 것 같아요. 특히 손절 라인만 믿고 팔았다가 다시 오르는 걸 보면 참 아쉽더라고요.

하지만 이번에는 좀 다르게 접근해볼까 합니다. 반도체 수출 호조와 AI 수요는 여전히 강력하고, 기관과 ",
0,6,post,2026-04-15,"IT 테마 상승세에 일부 차익 실현... 타이밍은 여전히 고민 중입니다.
오늘 장 마감 전 삼성전자 50주를 매도했습니다. 최근 IT 테마와 외국인 매수 세력으로 인해 단기 반등 모멘텀이 형성된 건 사실이지만, 원유 가격 폭등 등 거시적 불확실성도 공존하고 있어 밸류에이션이 적정~소폭 프리미엄 수준으로 올라온 점도 염려스럽습니다.

과거 매도 후 주가가 오",
0,7,post,2026-04-07,"뉴로모픽 테마 + 기관 매수, 돌파 신호 포착하고 추가 진입
오늘 장 마감 후 다시 보니 뉴로모픽 반도체 관련 호재와 증권가 목표가 상향이 겹치면서 상승 모멘텀이 강해 보입니다. 기술적으로도 기관 매수세와 함께 이동평균선 돌파 소식이 커뮤니티 분위기를 띄우고 있더군요.

저는 과거에 너무 일찍 팔아서 추종을 놓친 적이 있지만, 이번엔 추세 추종 전략에 맞춰",
0,8,post,2026-04-07,"오늘은 뉴로모픽 열풍에 맞춰 일부만 정리했습니다.
아침부터 뉴로모픽 테마가 5% 넘게 뛰면서 기관들이 주도하는 분위기가 정말 뜨거웠어요. 저 같은 개인 투자자도 마음이 설렜지만, D램 가격 안정세 등 거시적 불확실성이 완전히 사라진 건 아니라고 생각했어요.

그래서 오늘 오전 상승장에서 100주를 일부 매도하며 수익을 확정지었습니다. 최근 진입 타이밍은 좋",
0,9,post,2026-04-07,"테마 상승에 편승한 단기 수익 실현, 다음엔 실적이 뒷받침되길...
오늘 장 마감 직후 50주를 매도했습니다. 뉴로모픽과 온디바이스 AI 테마로 상승 모멘텀이 강했던 게 사실이지만, 막상 내재가치나 실적 증빙을 따져보니 현재 가격이 너무 과열되지 않았나 하는 우려가 들었어요. 특히 인플레이션 우려와 상반된 신호들 속에서 기관들의 낙관적 심리가 주도하는 흐름",
0,10,post,2026-04-30,"타이밍 잡아서 매도 성공! 손절은 다음 기회로...
오늘 장 마감 직전 22만 원 선에서 삼성전자 100주를 정리했습니다. AI 수요와 실적 호조로 상승 모멘텀은 여전히 강하지만, 노조 리스크와 거시 불확실성 때문에 급등보다는 완만한 우상향일 것이라는 판단이 맞았습니다.

최근 t087 매수 진입 시점에 잠시 하락으로 손실을 보긴 했지만, 이번 t086 이",
1,1,news,2026-03-17,"특징주, 삼성전자-반도체 생산 테마 상승세에 4.7% ↑ - 매일경제
17일 반도체 생산 테마가 전일 대비 3.31% 상승하면서 강세를 보이는 가운데 관련주로 주목받고 있는 삼성전자(005930)가 전일 대비 4. 7% 상승하며 급등하고 있다. ◆반도체 생산 테마 강한 상승세로 반전 +3.87억원 순매도 지난 5일간 큰 폭으로 하락했던 반도체 생산 테마가 ",
1,2,news,2026-03-17,"특징주, 서울반도체-마이크로 LED 테마 상승세에 14.98% ↑ - 매일경제
17일 마이크로 LED 테마가 전일 대비 3.33% 상승하면서 강세를 보이는 가운데 관련주로 주목받고 있는 서울반도체(046890)가 전일 대비 14.98% 상승하며 급등하고 있다. 서울반도체는 세계적인 LED 전문기업으로 알려져 있다. 상승폭으로는 서울반도체가 13.",
1,3,news,2026-04-07,"특징주, 서울반도체-마이크로 LED 테마 상승세에 16.97% ↑ - 매일경제
07일 마이크로 LED 테마가 전일 대비 4.24% 상승하면서 강세를 보이는 가운데 관련주로 주목받고 있는 서울반도체(046890)가 전일 대비 16.97% 상승하며 급등하고 있다. 서울반도체는 세계적인 LED 전문기업으로 알려져 있다. 상승폭으로는 서울반도체가 12.",
1,4,news,2026-04-15,"특징주, 삼성전기-MLCC 테마 상승세에 4.73% ↑ - 매일경제
15일 MLCC 테마가 전일 대비 3.06% 상승하면서 강세를 보이는 가운데 관련주로 주목받고 있는 삼성전기(009150)가 전일 대비 4.73% 상승하며 급등하고 있다. ◆MLCC 테마 강한 상승세 회복 +3.06% 상승하고 있다.",
1,5,news,2026-04-14,"특징주, 서울반도체-마이크로 LED 테마 상승세에 7.73% ↑ - 매일경제
22% 상승하면서 강세를 보이는 가운데 관련주로 주목받고 있는 서울반도체(046890)가 전일 대비 7.73% 상승하며 급등하고 있다. 서울반도체는 세계적인 LED 전문기업으로 알려져 있다. ◆마이크로 LED 테마 강한 상승세 회복 +3. 상승폭으로는 서울반도체가 6.",
1,6,news,2026-04-10,"특징주, 삼성전기-아이폰 테마 상승세에 2.64% ↑ - 매일경제
36% 상승하면서 강세를 보이는 가운데 관련주로 주목받고 있는 삼성전기(009150)가 전일 대비 2.64% 상승하며 급등하고 있다. ◆아이폰 테마 강한 상승세 회복 +3. 이 기간 동안 외국인이 테마 상승을 주도하며 관련 종목을 36,603. 상승폭으로는 아이티엠반도체가 21.",
1,7,news,2026-03-25,"특징주, 삼성전기-아이폰 테마 상승세에 5.03% ↑ - 매일경제
25일 아이폰 테마가 전일 대비 3.54% 상승하면서 강세를 보이는 가운데 관련주로 주목받고 있는 삼성전기(009150)가 전일 대비 5.03% 상승하며 급등하고 있다. ◆아이폰 테마 강한 상승세 회복 +3. 5%) 등이 상승 주도 이 시각 현재 반도체 재료/부품 테마 내의 종목들이 전반적으",
1,8,news,2026-04-14,"특징주, 삼성전기-MLCC 테마 상승세에 4.7% ↑ - 매일경제
14일 MLCC 테마가 전일 대비 3.06% 상승하면서 강세를 보이는 가운데 관련주로 주목받고 있는 삼성전기(009150)가 전일 대비 4. 7% 상승하며 급등하고 있다. ◆MLCC 테마 강한 상승세 회복 +3.06% 상승하고 있다. 이 기간 동안 기관이 테마 상승을 주도하며 관련 종목을 7",
1,9,news,2026-04-14,"특징주, 사피엔반도체-마이크로 LED 테마 상승세에 3.64% ↑ - 매일경제
14일 마이크로 LED 테마가 전일 대비 3.22% 상승하면서 강세를 보이는 가운데 관련주로 주목받고 있는 사피엔반도체(452430)가 전일 대비 3.64% 상승하며 급등하고 있다. ◆마이크로 LED 테마 강한 상승세 회복 +3. 상승폭으로는 서울반도체가 6.22% 최근 5일 외",
1,10,news,2026-04-14,"특징주, 라온텍-마이크로 LED 테마 상승세에 2.05% ↑ - 매일경제
14일 마이크로 LED 테마가 전일 대비 3.22% 상승하면서 강세를 보이는 가운데 관련주로 주목받고 있는 라온텍(418420)이 전일 대비 2.05% 상승하며 급등하고 있다. ◆마이크로 LED 테마 강한 상승세 회복 +3. 상승폭으로는 서울반도체가 6.22% 최근 5일 외국인 26,",
2,1,post,2026-03-30,"시장 공포 속, HBM4 펀더멘털 믿고 다시 매수했습니다.
오늘 장 마감 직전, 외국인과 기관이 쌍끌이로 팔아치우며 시장 심리가 극도로 위축된 모습을 보았습니다. 유가 폭등과 전쟁 리스크라는 거시 악재들이 AI 호재를 압도하는 듯해 당황스러웠죠. 하지만 저는 여전히 삼성전자에 대한 장기적인 믿음은 변함이 없습니다. 특히 HBM4 양산 등 핵심 펀더멘털이 견",
2,2,post,2026-03-03,"저평가 구간에서 다시 한 번 매수했습니다 (195,100원)
오늘 장 마감 직후 19 만 5 천 100 원에 66 주를 추가 매수했어요. 최근 두 차례 매수 후 가격이 급락하며 평가손실이 발생해 마음이 쓰였지만, AI 슈퍼사이클과 메모리 가격 상승이라는 중장기 모멘텀은 여전히 유효하다고 봅니다. 지정학적 리스크로 외국인 매도 압력이 있더라도 현재 밸류에이션",
2,3,post,2026-03-06,"단기적 하락은 저평가 매수 기회라고 믿습니다
오늘 장 마감 직후 삼성전자 주식을 20주 더 매수했습니다. 최근 외국인·기관들의 쌍끌이 매도로 주가가 흔들리지만, 메모리 가격 폭등과 AI 스마트폰 수요 증가로 내재가치는 여전히 매력적인 저평가 구간이라고 봅니다. 유가 상승 등 거시 리스크가 있긴 하지만, D램과 HBM 호황으로 반도체 업황은 뚜렷한 호전 국면",
2,4,post,2026-03-30,"급락 후 반등 시점 잡았습니다. HBM4 기대감으로 다시 진입
오늘 장 마감 직전, 하락세를 보이다가 어느 정도 하방 경직성이 확인되는 구간에서 삼성전자 100주를 매수했습니다. 거시 악재로 인해 외국인·기관이 팔아치우며 시장 심리가 위축되었지만, 터보퀀트 악재설이 반박되고 HBM4 양산 호재가 있다는 점이 마음에 걸렸습니다. 과거처럼 초고수들의 동향만 쫓",
2,5,post,2026-02-27,"외국인 매도세에 흔들리지 않고 다시 진입했습니다.
오늘 장 마감 후 정리해 보니 외국인들이 대량으로 팔아치우는 모습이 보여서 심장이 덜컥했죠. 특히 엔비디아 급락 소식까지 겹쳐서 단기 조정 우려가 커지는데, 저는 여전히 메모리 슈퍼사이클과 PER 10 배 초반의 매력적인 밸류에이션을 믿고 오늘 21 만 6 천 원 선에서 추가로 50 주를 매수했습니다.

전",
2,6,post,2026-03-13,"공포의 장에서 다시 한 번 차분하게 매수했습니다.
오늘 삼성전자는 외국인 매도세와 지정학적 리스크로 인해 시장 전체가 공포 모드인 듯합니다. 저 역시 최근 몇 차례 추가 매수 시점의 타이밍을 놓쳐 손실을 본 적이 있어 더 신중해야겠다고 다짐했죠.

하지만 오늘 장 마감 후 확인한 장기 관점을 보면, 메모리 반도체 가격 상승 기대감이 하방을 제한하고 있으며 ",
2,7,post,2026-03-11,"외국인 매도세에도 AI 모멘텀 믿고 조금 더 모았습니다
오늘 장 마감 후 다시 생각해보니, 외국인들이 팔아치우는 동안 개인들은 여전히 낙관적인 분위기가군요. HBM4 수요와 반도체 업황 호조는 중장기적으로 분명히 유효한 테마인데, 단기 등락에 일희일비하기엔 아직 이르다고 봅니다. 과거 매도 후 급등했던 경험 때문에 손절 타이밍이 너무 빨랐던 게 아쉽지만, ",
2,8,post,2026-03-06,"외국인 매도세 속에서도 저평가 구간은 놓칠 수 없죠. 오늘 다시 샀어요.
오늘 장이 끝나고 보니 외국인·기관들이 쌍끌이로 팔아치우는데 시장 심리가 좀 위축되네요. 하지만 저는 메모리 가격 폭등과 HBM 수요 증가로 인한 실적 턴어라운드 기대감이 훨씬 중요하다고 봅니다. 현재 주가는 내재가치 대비 충분히 저평가된 구간이라고 생각해서, 단기 조정을 기회로 삼아",
2,9,post,2026-03-25,"AI 반등 모멘텀에 맞춰 다시 진입했습니다 (삼성전자)
오늘 장 마감 직전, 반도체와 AI 수요 호재로 단기 반등이 형성되었다는 판단에 따라 삼성전자 매수에 나섰습니다. 최근 하락장에서 손절 라인 설정 없이 과신했던 타이밍 감각을 반성하며, 이번에는 명확한 상승 신호가 들어올 때까지 기다렸다가 진입했습니다.

외국인과 기관의 매수세 유입으로 시장 심리가 다",
2,10,post,2026-02-27,"엔비디아 급락에도 불구하고 저평가 매수, 장기적 관점에서 한 번 더 도전합니다.
오늘 장 마감 후 다시 생각해보니, 엔비디아 급락과 스마트폰 수요 둔화 우려로 시장이 혼란스러워진 게 오히려 좋은 진입 기회였던 것 같아요. PER 10 배 초반이라는 밸류에이션은 여전히 매력적이고, AI 슈퍼사이클의 장기 모멘텀은 변함없다고 봅니다. 어제 첫 매수로 3% 이상",
3,1,post,2026-03-17,"반도체 테마 상승세에 매도 타이밍 잘 잡았습니다!
오늘 삼성전자 장 마감 후 정리했습니다. 최근 반도체 업황 호조와 모멘텀 추세가 강해지면서 주가가 빠르게 반등했죠. 과거에는 내재가치 중심으로 신중하게 접근했지만, 이제는 시장 심리와 흐름을 더 중요하게 생각해야겠다고 느꼈습니다.

오늘은 수익이 나자마자 1000주를 손절 없이 확실히 팔아버렸습니다. 저평가",
3,2,post,2026-03-27,"초고수 매도세 속, 저평가 구간에서 조금 더 모았습니다
오늘 장 마감 후 다시 한 번 삼성전자 주식을 사들였습니다. 최근 초고수들의 대량 매도와 경기 우려로 단기 하방 압력이 확실히 느껴지지만, 반도체 수출 호조와 AI 기대감 덕분에 하락이 제한되고 있다는 점이 위안입니다.

밸류에이션 측면에서는 일시적으로 매력도가 낮아 보일 수 있으나, 실적 기반 내재가",
3,3,post,2026-03-03,"저평가 구간에서 분산 매수... 타이밍은 어렵지만 장기 믿습니다.
오늘 장 마감 후 다시 한 번 삼성전자를 매수했습니다. 최근 두 차례 매수 시도 모두 진입 직후 가격이 떨어지며 평가손실을 기록하긴 했지만, 저는 이 구간이 역사적 저평가라는 믿음으로 분산 매수를 이어가고 있습니다.

반도체 업황 회복과 메모리 가격 상승 기대감이 중장기 모멘텀을 만들고 있다",
3,4,post,2026-03-11,"퐁당장 속에서 다시 한 번 매수했습니다. (삼성전자)
오늘 장 마감 직전, 삼성전자 주가가 흔들리는 모습을 보며 다시 매수에 나섰습니다. 외국인들의 매도세와 원유 가격 상승 우려 등 불확실성이 공존하지만, 반도체 수출 호조와 AI 동맹이라는 확실한 업황 개선 신호는 변함없다고 봅니다.

최근 몇 차례의 매매에서 진입과 청산 타이밍이 잘 맞았던 점이 도움이 ",
3,5,post,2026-05-04,"다시 한 번 매수했습니다. 저평가 구간이라고 믿습니다.
오늘 장 마감 직전 삼성전자를 추가로 매수했습니다. 최근 AI 반도체 수요와 실적 호조로 상승 모멘텀이 강력하지만, 노조 리스크나 중동 정세 등 거시적 불확실성으로 단기 변동성은 있을 것 같습니다. 하지만 저는 여전히 밸류에이션이 저평가 구간이며, 급등세에도 내재가치 대비 적정 수준으로 접근했다고 판단",
3,6,post,2026-03-05,"저평가 구간에서 차분히 매수 완료했습니다. (삼성전자)
오늘 장 마감 직전, 반도체 업황 개선과 글로벌 시장 반등 모멘텀을 확인하고 삼성전자 주식을 매수했습니다. 최근 급락 후 밸류에이션이 매력적인 저평가 구간으로 판단되어 가치투자 관점에서 진입 타이밍을 잡았습니다.

특히 AI 수요와 생산 테마가 살아나고 있지만, 거시 경제의 하방 압력이나 지정학적 리스",
3,7,post,2026-03-17,"반도체 강세 따라 매수했습니다만, 고점 진입은 조심해야겠네요.
오늘 장 마감 전 삼성전자 30주를 추가 매수했습니다. 코스피가 5700선을 회복하고 반도체 테마가 다시 살아나면서 흐름이 좋았거든요. 그런데 최근 제가 몇 번 고점에서 매수했다가 바로 손실을 본 적이 있어서, 이번에도 무조건 추종하기보다는 실체적인 추세 확인을 먼저 해야겠다는 생각이 들었습니다",
3,8,post,2026-03-19,"조정 때 다시 모았습니다. 장기 관점에서는 지금이 괜찮은 가격 같아요.
오늘 장 마감하고 보니 외국인과 기관들이 팔아치우는 바람에 시장 분위기가 좀 침체되었네요. 저도 어제까지 주가가 오를까 봐 걱정했는데, 오늘 유가 급등과 원화 약세 우려로 조정 국면이 왔을 때 제가 가진 현금으로 50주를 추가 매수했습니다.

최근에는 매수 타이밍은 좋았지만, 매도 타이",
3,9,post,2026-03-05,"반도체 모멘텀에, 내재가치 믿고 30주 추가 매수했습니다.
오늘 장 마감 직전 삼성전자 19만 1천6백 원에 30주를 더 샀습니다. 최근 지정학적 리스크나 노사 갈등 같은 하방 요인도 있었지만, 반도체 섹터의 강력한 모멘텀과 경쟁사인 SK하이닉스의 칭찬, 증권사의 긍정적 평가까지 겹치며 단기 반등이 지속될 것 같아 결심했습니다. 급락 후 반등 국면에서도 밸",
3,10,post,2026-03-25,"삼성전자 매수 완료... 진입 타이밍이 살짝 아쉽네요.
오늘 장 마감 직후 삼성전자 100주를 매수했습니다. AI 수요와 시장 반등 모멘텀이 주가를 지지하는 건 맞는데, 노사 갈등과 내수 위축 같은 하방 리스크도 공존하니까 중립적 상승 관점으로 접근했어요.

밸류에이션 지표가 명확하지 않아 신중하게 접근했는데, 막상 매수하니 진입 시점이 -0.37%로 살짝",
4,1,post,2026-04-13,"공포의 장, 초고수들이 사는데 저도 저점 매수했습니다 (삼성전자)
오늘 시장이 지정학적 리스크로 공포에 떨던 중, 오히려 '초고수'들과 기관들이 삼성전자를 집중 매수했다는 뉴스가 들어와 마음을 다잡았습니다. 주가가 하락하며 밸류에이션이 매력적으로 조정된 지금이야말로 내재가치 관점에서 접근할 기회라고 생각했죠.

저도 오늘 40주를 201,000원에 추가 매",
4,2,post,2026-04-13,"전쟁 공포 속에서도 '초고수'들이 모이는 곳, 삼성전자를 더 샀습니다.
오늘 장 마감 후 다시 한번 생각해보니, 지정학적 리스크로 시장이 출렁일 때 오히려 대장주의 하방 경직성이 뚜렷하더라고요. 뉴스에서는 중동 사태와 에너지 우려가 나오지만, 반도체 수출은 역대 최고라니 업황은 여전히 강력합니다.

특히 주가가 떨어질 때 '초고수'들과 기관들의 순매수가 이",
4,3,post,2026-04-13,"공포의 바닥에서 초고수들 따라 들어갔습니다 (삼성전자)
오늘 장 마감 직후 삼성전자를 좀 더 매수했습니다. 지정학적 리스크로 시장이 공포에 질려 있는데, 오히려 초고수들이 저점 매수에 나섰다는 뉴스와 수출 호조 데이터를 보고 '역발상'을 해봤어요. 밸류에이션도 매력적으로 조정된 상태라 고위험 고수익 성향인 저로서는 공격적인 기회가 맞다고 판단했죠.

지난번",
4,4,post,2026-03-23,"초고수들의 매수세 따라 잡았어요. 이번엔 타이밍을 더 신중히!
오늘 삼성전자 장 마감 후 기록합니다. 초고수들이 적극 매수하는 모습을 보며 중장기 상승 모멘텀은 유효하다고 판단했습니다. 반도체 수출 호조와 밸류에이션 매력도 무시할 수 없죠.

다만, 지정학적 리스크와 거시경제 불확실성으로 단기 등락이 교차할 것 같아 무리하게 한 번에 진입하기보다는 분할 매",
4,5,post,2026-03-27,"초고수들 매도세 속에서 반대로 잡았습니다. (삼성전자)
오늘 장 마감 직전 초고수들의 삼성전자 매도세가 심상치 않다는 뉴스들을 보고 마음이 흔들렸어요. 하지만 반도체 수출 호조라는 내재가치는 여전한데다, 현재 주가는 밸류에이션 부담이 있더라도 적정 구간이라고 판단했거든요.

기술적 돌파 신호가 명확하지 않아 관망 모드를 유지하려 했으나, 최근 매수 타이밍을",
4,6,post,2026-04-13,"지정학적 리스크 속, '초고수'들이 모인 저점 매수
오늘 장 마감 후 정리하며 다시 한번 생각나는 게 있네요. 중동 정세 불안으로 시장이 흔들릴 때 오히려 삼성전자는 반도체 수출 호조와 초고수들의 역매수로 버티는 모습을 보여줬습니다. 저는 오늘 주가가 내재가치 대비 매력적으로 조정된 구간이라 판단해, 조금 더 확신을 가지고 매수를 단행했습니다.

노조 성과",
4,7,post,2026-03-09,"지정학적 리스크에 흔들리지 않는 저평가 기회, 오늘 다시 매수했습니다.
오늘 장 마감 후 다시 한번 생각해보니, 유가 폭등과 전쟁 리스크로 인한 시장 공포는 반도체 업황 악화가 아니라 차익실현 성격이 강하다는 생각이 듭니다. 과거 고가에서 타이밍 실수로 큰 손실을 본 적이 있지만, 이번에는 내재가치 대비 현저히 저평가된 구간을 포착했다고 믿습니다.

특히 ",
4,8,post,2026-04-13,"저점 매수 성공! 초고수들 따라 삼성전자 다시 사봤습니다.
오늘 장 마감 직전, 기술적 지지선에서 반등 신호를 확인하고 삼성전자 100주를 추가 매수했습니다. 지정학적 리스크로 시장이 흔들리지만, 반도체 수출 호조와 초고수들의 저점 매수 행보를 보며 방어적 반등이 올 거라 판단했거든요. 최근 t060 매도로 피크를 피하고 t061 매수로 손실을 최소화한 경",
4,9,post,2026-04-13,"지정학적 공포 속 초고수들의 매수 따라 삼성전자를 잡았습니다
오늘 장 마감 후 정리하며 다시 한번 확인했습니다. 중동 사태로 시장이 흔들리고 있지만, 반도체 수출액 역대 최고라는 호재와 함께 '초고수들'이 저점에서 집중 매수하고 있다는 뉴스가 눈에 띄었어요. 기술적 돌파 신호를 기다리던 차에 하방 경직성이 확인되는 모습에, 이번 하락을 저평가 구간으로 보고",
4,10,post,2026-04-13,"지정학적 악재 속 초고수들 따라 삼성전자를 잡았습니다.
오늘 장 마감 후 한숨 돌립니다. 중동 사태 등 지정학적 악재로 시장이 급락했지만, 반도체 수출 호조와 초고수들의 저점 매수 세력을 보며 '이건 방어적 매수 구간'이라고 판단했습니다. 특히 뉴스에서 언급된 전문가들의 집중 매수가 대중의 공포와 다른 흐름을 보여줘서 감당하기 어렵지 않게 진입했습니다.

",
5,1,post,2026-04-27,"반도체 업황 호조와 시장 최고치, 삼성전자 매수 완료!
오늘 장 마감 직전 삼성전자 주식을 좀 더 챙겼습니다. 코스피 사상 최고치 경신과 반도체 업황 개선 뉴스가 너무 좋았거든요. 예전에는 노조나 중동 리스크 때문에 두려워해서 매수를 미루곤 했는데, 이번엔 인텔 실적 호조와 종전 협상 기대감으로 분위기가 완전히 달라졌어요. 특히 하락 국면에서 방어적으로 진",
5,2,post,2026-03-05,"드디어 매수! 이번엔 놓치지 않겠습니다.
오늘 장 마감 직전 삼성전자에 100주를 매수했습니다. 어제 손절하고 급등하는 모습을 보며 뒤늦게 후회했던 기억이 생생한데, 오늘 장중 11% 급등과 매수 사이드카 발동으로 시장 분위기가 완전히 달라졌거든요. 기술적 돌파 신호가 나왔고, 증권사들도 매수를 권유하니 더 이상 기다릴 수 없었어요.

반도체 업황 회복 기",
5,3,post,2026-04-06,"드디어 추세를 타고 진입! 삼성전자가 다시 뜨겁네요.
오늘 장 마감 후 정리하다가 생각보다 좋은 타이밍에 진입한 것 같아 기분이 좋습니다. 초고수들 매수 리스트에 오르고 증권사 목표가도 상향되면서 흐름이 명확해졌더라고요. 과거에는 추세 전환 시점을 놓쳐서 후회했던 기억이 있는데, 이번엔 과감하게 따라타기로 결심하고 오늘 매수했습니다.

기술적 지표와 거래량",
5,4,post,2026-04-21,"최고치 돌파! 오늘 삼성전자로 추가 매수했습니다.
오늘 장 마감 직전 코스피 사상 최고치를 경신하는 모습을 보며 감격스러웠습니다. 외국인들과 기관의 강력한 매수세가 주가를 밀어 올렸는데, 개인들 사이에서는 차익 실현 분위기가 좀 섞여 있네요. 그래도 AI 수요와 반도체 수출 호조라는 근본적인 흐름은 변하지 않는다고 봅니다.

저는 오늘 기술적 돌파 신호를 ",
5,5,post,2026-04-10,"중동 휴전 기대감에 삼성전기도 함께 뛰네요! 오늘 매수 완료
오늘 장 마감 직전까지 관망하다가, 중동 휴전 합의 소문과 테마주들의 동반 상승으로 분위기가 완전히 달라졌습니다. 기술적 돌파 신호도 명확해져서 드디어 추세를 따라가기로 했어요.

삼성전자 주가가 20 만 6 천 원 선에서 매수가 들어갔습니다. 직접적인 호재 뉴스는 없어도 관련 부품사들이 강하게 ",
5,6,post,2026-04-27,"코스피 사상 최고치 돌파! 삼성전자는 다시 매수했습니다.
오늘 장 마감 후 생각해보니, 인텔 실적 호조와 중국 GDP 성장률 초과 달성 등 반도체 섹터 전반에 긍정적인 신호들이 많아졌습니다. 시장 심리가 매우 낙관적으로 돌아섰고 기술주 중심의 매수세가 강하게 작용하고 있네요.

과거에는 노조 파업이나 거시경제 불확실성 때문에 주가가 눌릴 때를 기다렸지만, ",
5,7,post,2026-04-06,"드디어 추세 전환 포착! 삼성전자에 추가 매수했습니다.
오늘 장 마감 직후 다시 한 번 삼성전자에 매수를 넣었습니다. 증권사 목표가 상향과 수출 호조, 그리고 초고수들의 매수세까지 겹치며 기술적 돌파 신호가 명확히 나왔거든요. D램 가격 정체 우려도 있지만, AI PC 수요와 펀더멘털 개선으로 저평가 구간이라고 봅니다.

지난번 t042, t050, t05",
5,8,post,2026-04-21,"최고치 돌파! 삼성전자에 다시 올인했습니다.
오늘 장 마감 전 코스피 사상 최고치를 경신하며 반도체 수출 호조 모멘텀이 확실히 느껴지네요. 개인 차익 실현 매도세로 등락은 있었지만, 기술적 돌파 신호가 명확해져서 과감하게 추가 매수했습니다.

과거에 진입 타이밍은 잘 잡았는데 청산 타이밍을 놓쳐 상승분을 다 챙기지 못한 적이 많았죠. 이번엔 그 교훈을 살려",
5,9,post,2026-03-05,"드디어 상승 추세 진입! 삼성전자 추가 매수 완료
오늘 장이 막바지로 접어들면서 기술적 돌파 신호가 명확히 확인되더군. 코스피 급등과 반도체 섹터의 강세가 겹치면서 증권사들의 매수 권유도 힘을 얻고 있어. 직전 매수 후 11% 상승, 손절 타이밍도 적절했던 걸로 봐서 이번에는 상승 모멘텀을 잘 포착한 것 같아.

AI 수혜와 메모리 가격 상승 기대 등 업황",
5,10,post,2026-03-17,"드디어 돌파! 삼성전자에 50주 매수 진입했습니다.
오늘 장 마감 직전, 기다리던 기술적 돌파 신호가 왔습니다. 반도체 생산 테마와 HBM 수요 증가로 상승 모멘텀이 확실해 보이는데, 초고수들의 매도세가 조금 부담스러웠지만 결국 개인과 초고수들의 매수 우위로 시장 심리가 전환되더군요.

저는 고위험 고수익을 노리는 스타일이라 과열된 구간을 잡으려다 실수했던",
6,1,post,2026-04-20,"노사 갈등 속 AI 반도체 기대감으로 매수 진입!
오늘 장 마감 직전 삼성전자 다시 샀습니다. 갤럭시 신제품 호조와 AI 반도체 기대감이 단기 모멘텀을 만들고 있긴 한데, 노사 갈등과 거시경제 불확실성 때문에 방향성이 좀 혼조세라 걱정이 되기도 했어요. 그래도 기술적 우위와 적정 밸류에이션을 고려하면 지금이 기회라고 판단했죠. t070 때 타이밍 민감도를 ",
6,2,news,2026-03-12,"[단독] LG디스플레이, GTC 2026 첫 참가…엔비디아와 AI 팩토리 협력 박차 - 매일경제
업계 관계자는 “엔비디아가 삼성전자, SK하이닉스 등 반도체 기업들을 제외한 국내 기업 사례를 집중 조명한 것은 이례적”이라며 “GTC 2026에서 협업이 적극적으로 이뤄지면 LG디스플레이가 엔비디아는 물론 제조 AI에 관심이 많은 다른 글로벌 기업들과도 협업을",
6,3,news,2026-03-24,"""AI에 생존 달렸다""… 미래 먹거리 찾아나선 韓기업 - 매일경제
美 통상리스크 속 중동전쟁 수출 의존 韓 경제 '먹구름' AI시대 기존 경영방식 탈피 체질 개선하고 신산업 발굴 삼성, 반도체·모바일 초격차 현대차, 미래 모빌리티 투자 SK·LG·롯데·포스코·한화… 글로벌 시장서 과감한 도전 사진 확대 Gemini 올해 우리 경제는 거세지는 대내외 복합위기",
6,4,news,2026-03-19,"7% 점유율 늪 빠진 삼성 파운드리, ‘엔비디아·테슬라’ 등에 업고 AI 반격 시동 - 매일경제
삼성전자 파운드리 사업부가 점유율 하락세를 끊어내고 반등의 신호탄을 쏘아 올렸다. 글로벌 인공지능(AI) 반도체 공룡인 엔비디아(NVIDIA)와의 협력을 공식화하며 고부가가치 AI 칩 생산 역량을 입증함에 따라 중장기 성장 동력을 확보했다는 평가가 나온다.",
6,5,news,2026-03-18,"“삼성은 최고, 하이닉스는 완벽”…젠슨 황, 韓 반도체 극찬- 매경ECONOMY
GTC 현장서 잇단 방문·서명 AI 동맹 속 메모리 위상 재확인 사진 확대 삼성전자, GTC서 HBM4E 최초 공개… ‘토털 솔루션’으로 엔비디아와 AI 동맹 고도화. (사진=연합뉴스) 젠슨 황이 미국에서 열린 개발자 행사에서 삼성전자와 SK하이닉스 전시장을 연이어 찾으며 강한",
6,6,news,2026-03-24,"삼성전자, 생산시설, AI 자율공장 전환 … 모든 공정 휴머노이드 투입 추진 - 매일경제
삼성전자가 3월 스페인 바르셀로나에서 열린 MWC26에서 갤럭시 인공지능(AI) 경험과 기술 혁신을 선보였다. 삼성전자 국내 최대 기업인 삼성전자가 제품은 물론 생산과 조직문화에까지 인공지능(AI)을 도입하고 있다.",
6,7,news,2026-03-20,"“오늘 뭐 먹지? 레시피도 추천하네”…삼성전자, 2026년형 ‘비스포크 AI’ 냉장고 출시[영상] - 매일경제
삼성전자는 인공지능(AI) 기반의 고도화된 식재료 관리 기능을 제공하는 2026년형 ‘비스포크 AI 패밀리허브’ 냉장고를 출시했다고 19일 밝혔다. 이번 신제품은 고도화된 AI 기능이 적용돼 식자재 관리가 더 편리해졌으며, 음성 인식 제어 기능도 ",
6,8,news,2026-04-24,"LG '슈퍼스타트 데이' 성황 … 스타트업 혁신기술 한자리에 - 매일경제
이 행사는 2018년 LG의 연구개발(R&D) 혁신 기지인 마곡 LG사이언스파크 출범과 동시에 시작된 스타트업 육성·지원 프로그램이다. 유망한 스타트업들이 LG 계열사·기관·투자자 등을 대상으로 성과를 발표하며 협력·투자 유치 기회를 확대하는 발판으로 삼는다. 구광모 LG 회장이 LG",
6,9,news,2026-04-21,"“AI는 이제 산업 표준”…SK하이닉스, 협력사와 동반성장 전략 구상 - 매일경제
SK하이닉스는 20일 서울 광진구 그랜드 워커힐에서 ‘2026년 동반성장협의회 정기총회’를 열고, 이같은 구상을 협력사들과 공유했다고 밝혔다. 이날 행사에는 황철주 협의회장(주성엔지니어링)을 비롯한 89개 협의회 회원사 대표가 참석했다. SK하이닉스에서는 곽노정 대표이사 사장",
6,10,news,2026-03-09,"“지금 사도 빨라야 이달 25일 받는다고?”…삼성, 로봇청소기 주도권 쥐나 - 매일경제
삼성전자 한국총괄 임성택 부사장은 “이번 신제품은 흡입력과 위생 솔루션 등 로봇청소기가 갖춰야 할 핵심 기능을 강화하는 한편, 강력한 보안으로 고객의 불안을 근본적으로 해소하는 K-로봇청소기”라며 “믿고 맡길 수 있는 삼성전자만의 안심 서비스로 로봇청소기 시장의 주도권을",
7,1,post,2026-04-14,"소캠 테마로 급등하는 삼성전자를 매도했습니다. (20만 6천5백원)
오늘 장 마감 직전에 삼성전자 100주를 206,500원에 팔았습니다. 소캠 관련주로 급등하면서 명확한 돌파 신호가 나왔고 거래량도 따라줬네요. 기술적 관점에서 추세 추종 전략에 맞춰 수익 실현을 단행했습니다.

사실 이전에도 매도 타이밍을 조금 일찍 잡아서 추가 상승분을 놓친 적이 있었는",
7,2,post,2026-04-14,"소캠 열풍에 따라 다시 한 발 디뎠습니다. (20 만 6 천 원)
오늘 장 마감 직전 소캠 테마와 기술적 돌파 신호가 겹치며 모멘텀이 강력해 보여서 결국 매수를 단행했습니다. 20 만 6 천원에 100 주를 잡았어요.

과거에 수익 내면 너무 빨리 팔아서 아쉬움을 많이 겪었던 적이 있는데, 이번엔 명확한 상승 추세가 유지되고 있다고 판단해서 진입 타이밍을 ",
7,3,post,2026-04-14,"오늘 소캠 테마 따라 매도했습니다. 타이밍은 여전히 고민이네요.
광주에서 삼성전자를 보고 있는데, 오늘 장 마감 직전에 50주를 20만 6천 원에 팔았습니다. 최근 소캠 테마와 반도체 업황 호조로 단기 반등 모멘텀이 강해서 일부 수익을 확정해두려 했습니다.

하지만 생각보다 타이밍 감각이 일관되지 않네요. 예전에 매도 후 다시 오르는 걸 보며 후회한 적도 ",
7,4,post,2026-04-14,"소캠 테마 따라잡기... 이번엔 진입 잘했나?
오늘 장 마감하고 보니 소캠 관련주로 삼성전자도 다시 주목받고 있네요. 기관들도 몰려들고 분위기가 정말 좋더라고요. 전 오늘 20만 6천 원대에 20주를 매수했습니다. 직전 매수 때보다 진입가가 좀 비싸긴 했지만, 기술적 돌파 신호가 명확해서 추격 매수에 나섰어요. t054 때 매도했다가 상승분을 놓친 아픔이 ",
7,5,post,2026-04-14,"소캠 열풍에 팔았습니다. 급등장인데 손절은 못 하겠네요...
오늘 소캠 테마로 삼성전자 급등했어요. 저도 t054 때 매도 후 급등으로 아까운 경험을 했었는데, 오늘 또 기회인가 싶어서 206,500원에 100주 팔았어요. 단기 상승 모멘텀은 강하지만 밸류에이션이 비싸다는 생각이 들어 차익 실현을 먼저 했습니다. 변동성 관리가 정말 중요하죠. 다음엔 과열 ",
7,6,post,2026-04-14,"소캠 테마 급등장, 차익 실현하고 나니 마음이 편하네요
오늘 장 마감 전, 소캠 테마로 인한 단기 급등세에 발목 잡히지 않기 위해 삼성전자 100주를 매도했습니다. 최근 t063 매수 진입이 다소 늦어 평가손실이 발생했던 기억이 있어서인지, 이번엔 과감하게 수익을 확정 짓는 결정을 내렸습니다.

밸류에이션은 적정하지만, 테마성 유행에 의한 변동성이 클 수 ",
7,7,post,2026-04-14,"소캠 테마 급등에 팔아치웠습니다. 단기 모멘텀은 끝난 것 같습니다.
오늘 장 마감 직전 삼성전자 100주를 매도했습니다. 소캠 관련주로 주가가 급등했는데, 이게 정말 지속될까 싶어서 차익 실현을 단행했죠.

최근 매수한 건들 중 일부는 수익이 났지만, 타이밍이 좀 애매했던 것도 있었고요. 결국 방어적 매도로 손익을 확정 지었습니다. 개인적으로는 테마성 변동",
7,8,post,2026-04-14,"소캠 테마 따라가다 매도했습니다 (206,500원)
오늘 장 마감 후 소캠 테마로 급등한 삼성전자를 일부 정리했습니다. 단기 수급에 의한 상승세라 지속성이 의문스러워 차익 실현을 단행했어요. 20 만 6 천 5 백 원에 100 주 팔았네요.

과거 t054 때 너무 일찍 팔아 후회했던 기억이 나는데, 이번엔 저점 매수 성공 후 적절히 손 떼는 전략을 다시 ",
7,9,post,2026-04-14,"소캠 테마 따라가며 삼성전자 추가 매수했습니다
오늘 장 마감 직전 소캠 관련주로 주목받으며 거래량이 터지던 삼성전자를 보고 결심했네요. 기술적 돌파 신호가 강해졌고 섹터 흐름도 좋다고 판단해서 20만 6천 원에 30주를 더 샀습니다.

최근 타이밍 선정이 완벽하지는 않았지만, 이번엔 테마의 지속력을 믿고 진입했어요. 밸류에이션 부담도 있긴 한데 반도체 업황",
7,10,post,2026-04-14,"소캠 테마 불타오르는데, 오늘도 쫓아갔습니다...
오늘 장 마감하고 보니 소캠 관련주로 삼성전자 주가가 또 올라가네요. 어제까지 반도체 업황 이야기만 하다가 갑자기 테마로 급부상하더니, 저도 모르게 매수 심리가 발동했나 봐요. 기술적 돌파 신호 보이자마자 오늘 점심시간에 30주 추가 매수했습니다. 진입가는 좀 높아서 잠시 손실 봤지만, 고위험 고수익을 추구",
8,1,post,2026-04-24,"삼성전자 오늘 손절 매도했습니다. 다시는 고점 진입 실수 안 할게요.
오늘 장 마감 직전 삼성전자 200주를 매도했습니다. 최근 t078, t079에 연이어 매수 후 하락하며 고점에서 잡히는 실수를 반복했어요. 기술적 추세는 유지 중이지만, 노조 파업 우려와 실적 매도세로 단기 조정이 예상되는 시점이니 차라리 손실을 인정하고 빠져나오는 게 낫겠다고 판단했죠",
8,2,post,2026-03-09,"하락장 속에서도 손절은 필요합니다. 오늘 삼성전자를 매도했습니다.
오늘 장 마감 직전 삼성전자 30주를 매도했습니다. 최근 t002, t010 매수 진입이 모두 큰 손실로 이어져 타이밍을 잘못 잡았음을 뼈저리게 느꼈거든요. 하지만 이번 t011 매도와 같이 하락장에서 포지션을 축소하는 건 생존 전략이라고 생각합니다.

중동 갈등과 거시 불확실성으로 시장 전",
8,3,post,2026-03-26,"하락장에서도 손절은 필요합니다. 오늘 t038 매도 완료
오늘 장 마감 전 삼성전자 주가가 계속 떨어지는 모습을 보며 다시 한번 타이밍의 중요성을 느꼈습니다. 최근 몇 차례 매수 진입 후 하락으로 평가손실이 발생하며 진입 시점에 대한 성찰이 필요하다는 걸 깨달았죠.

그래서 오늘 t038 에는 과감하게 매도를 단행했습니다. 하락장에서 추가 손실을 방어하는 ",
8,4,post,2026-04-02,"지정학적 리스크에 매수 타이밍 놓치고 일단 손절...
오늘 삼성전자 장 마감하고 100주 팔았습니다. 최근 AI 호재에도 불구하고 중동 정세와 환율 변동성 때문에 심리가 너무 위축되더라고요. 특히 기술적 저항선 부근에서 외국인 매도 물량이 나오면서 조정 국면이 길어질 것 같아 과감히 손절했습니다.

과거 t038, t046 때 진입 타이밍을 잘못 잡아서 손",
8,5,post,2026-04-02,"변동성 속에서의 손절 매도... 타이밍이 또 문제네요.
오늘 장 마감 직전 삼성전자를 일부 매도했습니다. 최근 t046, t047 건에서 진입 직후 하락으로 손실을 본 적이 있어서인지, 이번에도 진입 시점의 하방 리스크를 과소평가한 느낌이 강하게 듭니다. AI 낙관론과 반도체 섹터 심리는 좋지만, 지정학적 리스크와 거시경제 불확실성 때문에 단기 주가 변동성",
8,6,post,2026-03-09,"오늘 삼성전자는 매도했습니다. 손절 라인 잘 지키는 게 중요하네요.
오늘 장 마감 직후 삼성전자 10주를 매도했습니다. 지정학적 리스크와 유가 폭등으로 인한 거시악재가 지속되면서 단기 하락 추세가 명확해 보여서였습니다. 기술적 반등 신호가 확인되기 전까지는 관망이 원칙이라고 판단했죠.

최근 t002, t010 매도 건에서 각각 -19%, -7% 하락을 피",
8,7,post,2026-04-09,"오늘은 초고수 따라가며 일부 손절했습니다. 타이밍이 여전히 어렵네요.
오늘 장 마감 전, 상승 모멘텀이 있지만 추가 호재 없이 등락이 반복될 것 같아 삼성전자 100주를 20만 4천원에 매도했습니다. 최근 t048 때는 잘 팔았지만, t056, t057 때는 고점 매수로 손실을 봤거든요. 이번에도 '초고수 매수'라는 뉴스를 보고 기대했다가 지정학적 불안과 ",
8,8,post,2026-03-13,"단기 하락세에서 손절... 타이밍이 참 어렵네요
오늘 장 마감 직전 삼성전자 100주를 매도했습니다. 최근 t018 같은 건 진입 직후 떨어지더니 평가손실이 쌓여서 차라리 손절하고 나가는 게 낫겠다는 생각이 들었습니다. 뉴스는 반도체 회복세라고 하지만, 지정학적 리스크와 거시 악재 앞에서는 개인 호재가 무색하더라고요. 초고수들의 매수와 공포심이 공존하는 지",
8,9,post,2026-03-03,"드디어 손절선 넘기기 직전 피했습니다... (삼성전자)
오늘 장 마감 전에 삼성전자 100주를 매도했습니다. 직전 매수 진입 후 -6.9% 손실이 발생했던 기억이 생생한데, 이번엔 -9.8% 하락을 완벽히 피할 수 있었습니다. 기술적 돌파 신호가 나오긴 했지만, 중동 전쟁 리스크로 시장 전체가 흔들리는 상황에서 과감하게 수익을 확정 짓는 게 맞다고 판단했죠",
8,10,post,2026-04-15,"다시 한번 매도했습니다. 고점 매수 후 손절 경험 때문에...
오늘 장 마감 직전 삼성전자 100주를 매도했습니다. 최근 t064 에 매도했다가 오르고, t065 에 매수했다가 떨어지는 타이밍 감각이 완전히 흐트러진 것 같아요. 기술적 돌파 신호와 IT 테마 호재는 분명 좋지만, 거시적 물가 리스크와 고점 매수세에 대한 불안감이 커서 일단 수익을 확정 짓기",
9,1,post,2026-03-13,"지정학적 리스크 속, 저평가 구간에서의 신중한 매수 타이밍
오늘 장 마감 후 생각나서 적습니다. 중동 갈등 심화로 원유가 오르고 스태그플레이션 우려까지 커지면서 시장 분위기가 극도로 위축되었습니다. 저도 오늘 초고수들의 저가 매수 관점을 믿고 분할 매수를 이어갔는데, 진입 직후 변동성이 크긴 하네요.

하지만 TV 사업부 호재 등 개별 소식은 거시 악재를 ",
9,2,post,2026-03-23,"반도체 수출 호조에도 지정학적 리스크가 무서워 매도했습니다
오늘 장 마감 직전 삼성전자 100주를 매도했습니다. 수출이 좋아지고 초고수 매수도 들어오지만, 이란 전쟁 장기화로 인한 유가 상승과 금리 인하 기대감 하락 등 거시적 불확실성이 너무 큽니다. 최근 진입한 주식들이 평가손실로 흔들리는 상황에서, 기술적 돌파 신호가 명확하지 않을 때 무리한 평균단가 ",
9,3,post,2026-03-31,"외국인 매도 vs 초고수 매수, 지금이 저가 매수의 기회인가?
오늘 장 마감 후 다시 한번 뉴스를 훑어보았습니다. 중동 전쟁 장기화와 외국인 대량 이탈로 시장 분위기는 극도로 위축되어 있죠. 저도 최근 몇 차례 진입 시점이 빨라 손실을 보고 있어 타이밍을 잡는 게 얼마나 어려운지 실감합니다.

하지만 동시에 '초고수 투자자들의 저가 매수' 신호가 포착된다는",
9,4,post,2026-03-13,"지정학적 리스크에 차익실현 단행했습니다.
오늘 장 마감 직전 삼성전자를 일부 매도했습니다. 호르무즈 해협 갈등과 스태그플레이션 우려로 거시 악재가 가중되면서 기술적 조정 국면이 지속될 것 같아 판단을 내렸습니다. 예전에 매수 타이밍을 잘못 잡아서 손실을 본 적이 있어서, 이번엔 하락을 피하는 데 성공한 차익실현이었습니다. TV 눈 건강 인증 같은 긍정 소식",
9,5,post,2026-04-02,"전쟁 공포에 주춤하는 시장, 그래도 장기적 우상향 믿고 소량 매수했습니다.
오늘 장 마감 후 생각나서 한 줄 올립니다. 중동 전쟁으로 유가 급등하고 지정학적 리스크가 커져서 외국인들도 대거 빠져나가니 시장 분위기가 매우 불안하죠. 저도 최근 몇 차례 매수할 때 가격이 떨어지는 걸 보며 타이밍을 놓친 적도 있었습니다.

하지만 저는 여전히 AI 수요와 수출 ",
9,6,news,2026-03-06,"[단독]2025년 한국 외채 7628억달러…“대외차입 부담 커지면 변동성 확대” - 매일경제
미·이란 전쟁 개시 이후 달러당 원화값은 한때 1500원선까지 다다른 바 있는데, 우리나라 산업 안정을 위해 예의 주시할 필요가 있다는 지적이 나온다. 5일 김미애 국민의힘 의원이 한국은행으로부터 제출받은 자료에 따르면, 2025년 기준 우리나라 총외채는 7628억",
9,7,news,2026-04-02,"어제는 안그러셨잖아요…“앞으로 2~3주간 이란 강하게 타격” 트럼프 폭탄발언에 코스피 5300선 ‘위태’ - 매일경제
도널드 트럼프 미국 대통령의 ‘마이웨이’식 대국민 담화가 한국 증시에 직격탄을 날렸다. 미국이 이란 전쟁 승리를 예고하면서도 글로벌 원유의 핵심 물류 동맥인 호르무즈 해협 문제에 대해서는 “알아서 하라”며 방관하는 태도를 보이자 중동 원유 ",
9,8,news,2026-04-27,"“이란전쟁 터지자 200억 달러 증발”…고유가에 눈뜨고 날린 무역수지 금액이 - 매일경제
한국금융연구원 송민기 선임연구위원은 26일 ‘국제유가 상승의 수출입 물가 및 무역수지 영향 점검’ 보고서에서 중동 전쟁으로 유가가 급등한 상황은 무역수지와 대외건전성에 부정적 요인이지만, 반도체 중심의 수출 개선이 이를 상쇄할 것으로 분석했다. 보고서는 2022년 러시",
9,9,news,2026-03-27,"‘검은진주’ 석유패권…다시 세계를 흔들다 [뉴스&분석] - 매일경제
중동 전쟁으로 호르무즈 해협이 봉쇄되며 매일 2000만배럴에 달하는 중동산 원유 운송이 막혀 세계 석유 수급망이 흔들리고 있다. 글로벌 석유 수요가 꾸준히 늘어온 가운데 전문가들은 이번 사태를 미·중 패권경쟁 속 페트로달러 체제를 둘러싼 갈등의 연장선으로 해석하고 있다.",
9,10,news,2026-04-23,"“지금도 장보기 무서운데 더?”…‘예고편’ 생산자물가 4년만에 최대상승 - 매일경제
중동전쟁발 국제유가 급등의 영향으로 3월 생산자물가지수가 전년 동월 대비 4.1% 올라 약 4년 만에 최대 상승폭을 기록했다. 석탄·석유제품과 화학제품 가격이 크게 뛰었으며, 한국은행은 이런 흐름이 향후 소비자물가 상승 압력으로 이어질 수 있다고 내다봤다. 다만 정부의 석유",
10,1,post,2026-04-23,"코스피 사상 최고치 돌파! 삼성전자 추격 매수했습니다.
오늘 코스피가 사상 최고치를 돌파하면서 반도체 섹터가 정말 강하게 움직이네요. SK하이닉스 초호실적 뉴스도 있고, AI 인프라 수요로 메모리 가격까지 오르는 분위기라 장기적인 상승 모멘텀은 확실해 보입니다.

저는 평소 고점 방어에 너무 일찍 매도했다가 차익을 놓친 적이 많았는데, 이번에는 추세 전환 ",
10,2,post,2026-04-23,"삼성전자 단기 차익 실현 완료, 저평가 논리는 여전히 유효합니다
오늘 장 마감 직전 삼성전자 100주를 22만 4500원에 매도했습니다. SK하이닉스의 호실적으로 반도체 업황이 극호조라는 점은 분명하지만, 이미 주가에 기대감이 상당 부분 반영된 상태라 고점에서의 변동성을 고려해 일부 수익을 확정했습니다.

과거 조기 청산 실수를 겪으며 이제는 '부분 매도'",
10,3,post,2026-04-22,"오늘도 삼성전자 매수! 고점이라니 걱정되지만 AI 테마는 놓칠 수 없어
21만 7500원에 100주 추가 매수했습니다. 오늘 장이 막바지에 다다를 때까지 고민하다가 결국 들어갔네요. 내일 실적 발표와 노사 합의 결과가 핵심 변수인 건 알지만, 코스피 사상 최고치라는 분위기와 유리 기판, AI 반도체 호재가 너무 매력적이어서요.

과거에는 차익 실현 타이밍을",
10,4,post,2026-04-23,"SK 하이닉스 호조와 반도체 업황 회복에 매수 참여했습니다
오늘 장 마감 직전 SK 하이닉스의 실적 호조와 AI 수요 지속으로 인한 메모리 반도체 가격 상승 흐름을 확인하고 삼성전자 추가 매수에 나섰습니다. 경쟁사의 성과가 오히려 전체 섹터 신뢰도를 높여주고, 삼성전자의 내재가치 재평가 기대감도 유효하다고 판단했기 때문입니다. 고점 부근의 변동성 리스크는 ",
10,5,post,2026-04-23,"SK하이닉스 실적 보며 삼성전도 매수 진입했습니다 (22.45 만원)
오늘 장 마감 후 SK하이닉스의 사상 최대 실적이 나오면서 반도체 업황이 완전히 반등했다는 신호를 느꼈습니다. 과거에는 노사 문제나 밸류에이션 부담 때문에 조심스러웠는데, 이번엔 AI 수요와 메모리 가격 상승이라는 강력한 호재가 시장을 주도하고 있네요.

저도 오늘 기술적 돌파 신호와 거",
10,6,post,2026-04-23,"하루 종일 지켜보다가 SK 하이닉스 호실적에 발맞춰 매수했습니다
오늘 장 마감 직전까지 고민하다가 결국 삼성전자 주식을 한 번 더 사봤어요. 어제까지도 고점 차익 실현 매물 출회 때문에 등락이 심할까 봐 걱정했는데, SK 하이닉스의 호실적이 나오며 업황 강세가 입증되자 삼성의 실적도 견고하다는 확신이 들더라고요. 특히 AI 수요로 메모리 가격이 급등하는 상",
10,7,post,2026-04-23,"SK 하이닉스 따라가다 삼성도 매수했습니다
오늘 장 마감 직전 SK 하이닉스 실적 호조로 반도체 섹터가 강세를 보이는데, 코스피 사상 최고치 경신과 함께 삼성전자도 동반 상승할 조짐이 보입니다. 예전에 수익을 너무 일찍 실현했다가 상승분을 놓친 적이 있어서, 이번엔 좀 더 여유 있게 가져가야겠다고 생각했죠. 기술적 지표와 거래량 흐름을 보아도 우상향 추세가",
10,8,post,2026-03-10,"드디어 반등장, 삼성전자에 매수 참여했습니다!
코스피가 5% 넘게 폭등하면서 공포에서 희망으로 분위기가 완전히 뒤집혔네요. 어제까지만 해도 지정학적 리스크와 유가 급등이 걱정되었는데, 오늘은 HBM4 입지 확대와 실적 상향 호재에 힘입어 기술적 돌파 신호까지 명확해졌습니다. SK 하이닉스와의 격차 우려도 이번 뉴스에서 확실히 해소된 느낌이고요.

지난 번 ",
10,9,post,2026-04-23,"SK하이닉스 호실적에 힘입어 삼성전자는 다시 매수!
오늘 SK하이닉스를 비롯한 경쟁사들의 호실적 발표가 반도체 업황의 강세를 증명해줬네요. 삼성전자가 동반 상승할 모멘텀이 충분하다고 봅니다. 거시경제 불확실성도 완화되고 AI 수요는 계속 늘어나고 있으니, 밸류에이션은 적정 수준에서 매력적으로 느껴집니다.

지난번 t068, t076 때 너무 일찍 팔아서 추",
10,10,post,2026-04-20,"삼성전자 저가 매수 완료! AI 반도체 테마 기대하며 진입
오늘 장 마감 직후 삼성전자 100주를 매수했습니다. 호르무즈 리스크와 노조 파업 우려로 단기 상승은 제한적일 수 있지만, 갤럭시 신제품 매진과 SK하이닉스 양산 등으로 대표되는 AI 반도체 수요 호조는 분명히 업황 회복을 지지하고 있죠. 거시적 불확실성으로 밸류에이션이 압축된 지금이 오히려 장기적",
11,1,post,2026-04-24,"노조 리스크로 흔들리지만, 매도 타이밍은 내가 정합니다.
오늘 장 마감 직전 21만 9천 원대에 100주를 매도했습니다. 노조 파업 우려로 단기적인 하락 압력이 있는 건 사실이지만, HBM 품귀와 AI 수요라는 중기적 모멘텀은 여전히 강력하다고 봅니다. 과거 t078, t079 때 진입 직후 손실을 본 적이 있고, t070 때는 너무 일찍 팔아 아쉬움을 남",
11,2,post,2026-03-12,"19 만 원대 진입, 저가 매수 전략 다시 검증
오늘 장 마감 직후 18 만 7 천 9 백 원에 100 주를 추가 매수했습니다. 최근 t017 에서 저가 매수로 성공한 경험을 바탕으로, 이번에도 19 만 원대라는 매력적인 진입 구간을 놓칠 수 없었습니다.

메모리 반도체 가격 상승과 AI 수요 호조로 실적 개선이 가시화되고 있다는 점, 그리고 기술적 돌파 ",
11,3,post,2026-04-02,"저가 매수 타이밍 재점검... 오늘 5주 추가 확보
최근 t046, t047 연속 매수 후 하락으로 저가 매수 전략이 일시적으로 손실을 보고 있어 진입 타이밍을 다시 고민했었습니다. 하지만 AI 수요와 반도체 가격 상승이라는 장기적인 우상향 동력은 변함없다고 봅니다. 다만 중동 전쟁과 유가 급등 등 거시적 불확실성이 단기 주가를 제한하고 있다는 점은 명심해",
11,4,post,2026-03-11,"오늘은 노조 이슈와 외국인 매도세에도 불구하고 저가 매수했습니다.
장 마감 후 정리하네요. 오늘 장 중 외국인 매도와 거시 리스크로 등락이 심했지만, 저는 반도체 수출 호조와 AI 수요로 인한 내재가치 재평가 가능성을 보고 추가 매수에 나섰습니다. 최근 매수 후 상승했던 경험도 있지만, 이번엔 급등 시 차익실현을 너무 서둘러 손해를 본 적이 있어 조금 더 ",
11,5,post,2026-03-27,"초고수 매도 물량에 흔들리지 않고 다시 매수했습니다
오늘 장 마감 직후 글을 씁니다. 최근 초고수들의 대규모 순매도로 시장 심리가 위축되어 있었죠. 저 역시 t030 때 매수 타이밍을 잘못 잡아 큰 하락을 겪기도 했지만, t038 에 차익실현을 하고 난 뒤 다시 기회를 노렸습니다.

오늘 t040 시점에 179,700 원에 100 주를 추가 매수했습니다. ",
11,6,post,2026-04-08,"드디어 추가 매수! 구조적 모멘텀 믿고 한 주
오늘 장 마감 후 다시 생각해보니, 지정학적 리스크가 해소되고 D램 가격까지 안정세라 반도체 섹터 환경이 정말 좋아졌네요. 과거에는 실적 발표 후 차익 실현 매물이 나오면 신중하게 접근했지만, 이번엔 단순 반등이 아닌 구조적인 상승 흐름이 확실해 보여서 감히 손을 뻗었습니다.

t054 때 부분 매도했다가 급등",
11,7,post,2026-03-24,"전일 급락 후 반등 시도, 수익 실현 매도 완료했습니다.
오늘 장 마감 전 10주를 18만 9천7백 원에 팔았습니다. 지정학적 리스크가 다소 완화되고 제품 호재도 나오면서 단기 반등이 시작되는 것 같아 잠깐 기대했는데, 기술적 저항선과 거시 불확실성 때문에 상승 지속력은 제한적이라고 판단했거든요.

과거에도 매도 타이밍을 잘못 잡아서 손절이나 추가 매수에서",
11,8,post,2026-03-03,"전일 매도 후 급락, 다시 진입했는데 타이밍이 조금 빨랐나?
전날 악재로 매도했다가 급락하자마자 다시 사버렸네요. 오늘 장 종료 직전 19 만 5 천 원대에 10 주를 추가 매수했습니다.

반도체 업황 개선과 기술적 회복 신호는 분명히 보이지만, 지정학적 리스크와 외국인 매도세 때문에 등락폭이 너무 큽니다. 특히 어제 전매도 건은 잘했지만, 이번 매수 진입",
11,9,post,2026-03-19,"다시 한번 저가 매수... 이번엔 성공할까?
오늘 장 마감 직전, 20 만 원 선에서 50 주를 추가로 사들였습니다. 과거 고점 잡아서 손실 본 적이 너무 많아서, 이번엔 정말 저가 구간이라 믿고 진입했죠. 외국인들이 팔아치우는 와중에도 반도체 업황 회복과 파운드리 호재는 분명히 남았다고 봅니다. 다만, 거시 경제 악재와 변동성 때문에 언제 터질지 모르는 ",
11,10,post,2026-04-15,"IT 테마 상승세에 매도 타이밍 잡았습니다 (21 만 원)
오늘 장 마감 전, 외국인 매수세와 IT 테마 열기로 주가가 꽤 올랐네요. 최근 매도 후 오르는 경우가 있어 타이밍을 놓칠까 봐 조금 조급했었는데, 이번엔 적정 가격대인 21 만 1 천 원에서 100 주를 팔아서 수익을 확정했습니다.

반도체 업황은 좋지만, 거시적 물가 리스크와 환율 부담이 아직 ",
12,1,post,2026-03-17,"삼성전자 오늘 매도 완료! 수익실현 타이밍은 참 어렵네요
오늘 장 마감 직전 삼성전자 100주를 정리했습니다. 최근 반도체 업황 회복과 자사주 소각 호재로 밸류에이션이 매력적이라는 생각에 보유하다가, 어제부터 개인 투자자들의 낙관적 분위기가 너무 과열된 느낌이라 차익 실현을 결정했어요.

사실 t023 때 진입 타이밍을 잘못 잡아서 손실을 본 적이 있어서,",
12,2,post,2026-04-21,"차익실현 매도 완료... 하지만 아쉬움 남는 타이밍이네요
오늘 삼성전자 장 마감 직후 100주를 순매도로 처리했습니다. 코스피 사상 최고치 경신과 반도체 수출 호조로 상승 모멘텀은 확실히 강하지만, 개인 투자자로서는 차익 실현을 통해 리스크를 줄이는 게 우선이라고 판단했거든요. 특히 최근 t064 매도 후 가격이 다시 오르는 경험을 하면서 '너무 일찍 팔았",
12,3,post,2026-04-16,"삼성전자 오늘 매도 완료... 또 차익실현?
오늘 장 마감 직전 삼성전자 100주를 매도했습니다. 최근 상승세는 좋았지만, 밸류에이션 부담과 거시 리스크로 인해 중립적인 시각을 유지하고 있었습니다. 기술적 돌파 신호가 있었지만, 차익 실현 매도 압력이 공존하는 상황이라 과열 구간이라고 판단했죠.

특히 t066 거래 때 매도 후 가격이 더 오르는 아픔을 겪",
12,4,post,2026-04-22,"삼성전자, 고점 매도로 차익 실현 완료! (t076)
오늘 삼성전자 장 마감 후 바로 100주를 21만 7천 500원에 팔았습니다. 코스피 사상 최고치를 경신하며 외국인 매수세도 강하지만, 노사 합의 이후 성과급 부담과 실적 발표 전 불확실성 때문에 단기 변동성은 여전히 걱정되더라고요. 기술적 지표상 상승 모멘텀은 좋지만, 저는 수익이 나면 빠르게 정리하는",
12,5,post,2026-04-21,"조금 일찍 팔았네요... 차익실현은 늘 고민이죠.
오늘 장 마감 직전 삼성전자를 일부 매도했습니다. 21만 9천 원 선에서 100주를 정리했는데요. 최근 외국인·기관이 쌍끌이로 사주면서 주가가 사상 최고치를 경신하고 있더라고요. 물론 중장기 반도체 슈퍼사이클은 여전히 믿지만, 개인들의 차익실현 매물이 쏟아지는 모습을 보니 '지금 조금 건져가는 게 낫겠다'는",
12,6,post,2026-04-21,"최고치 돌파 후 차익 실현 매도 완료! (삼성전자)
오늘 장 마감 직전 삼성전자 100주를 21만 9천 원에 팔았습니다. 코스피 사상 최고치를 경신하면서 외국인·기관 매수세가 엄청나게 몰려오는데, 개인들 사이에서는 차익 실현 물량이 쏟아지고 있더라고요.

저도 최근 t064 매도 타이밍을 놓쳐 손실을 본 적이 있어서, 이번엔 고위험 고수익 전략을 유지하되 ",
12,7,post,2026-03-19,"차익실현은 타이밍이죠. 오늘 삼성전자는 잘 팔았습니다!
오늘 장 마감 직전에 삼성전자 20주 매도 완료했습니다. 엔비디아 협력 등 개별 호재로 모멘텀은 좋았지만, 거시적 악재와 시장 전체의 위축으로 변동성이 커질 것 같아 차익실현을 단행했어요.

과거에 매도 타이밍을 놓쳐서 더 오를 때 아쉬움을 많이 겪었거든요. 이번엔 '손익분기점'보다 '목표가 달성 후 ",
12,8,post,2026-04-15,"다시 한 번 정리했습니다.过早 매도 후 상승을 보고도 감당하기엔 부담이네요.
오늘 장 마감 전, 삼성전자 100주를 21만 1천원에 팔았습니다. 최근 t064 때에도 비슷한 타이밍에 너무 일찍 손절해서 가격이 오르는 아픔을 겪었거든요. 이번엔 조금 더 기다려보려고 했으나, AI 슈퍼사이클 기대감 속에서도 밸류에이션이 '약간 비싼' 구간이라는 점과 고물가 리",
12,9,post,2026-04-08,"오늘 삼성전자 100주 매도 완료! 차익 실현은 신중하게
울산에 살다 보니 반도체 업황 뉴스가 더 예민하게 다가오네요. 오늘 장 마감 직전 삼성전자 100주를 21 만 원 선에서 팔았습니다. 최근 지정학적 리스크 해소와 실적 호조로 상승 모멘텀이 강력하지만, 장중 변동성과 차익 실현 매물이 나올 때마다 심장이 덜컥하더라고요. t054 때처럼 상승분을 놓치기",
12,10,post,2026-04-08,"21 만전자 복귀! 차익실현은 오늘로 정리했습니다.
오늘 장 초반에 21 만원 돌파를 보며 가슴이 두근거렸어요. 실적 호조와 지정학적 리스크 해소로 상승 모멘텀은 강력하지만, 외국인들의 대규모 매도세가 눈에 띄더라고요. 기술적 돌파 신호는 유효해 보이지만, 과열 구간에서의 조정 가능성도 염두에 둬야겠더라고요.

저는 오늘 210,500 원에 100 주를 모",
13,1,news,2026-04-06,"코스피 마감, 5,377.3P (2.74%↑) SK하이닉스, 삼성전자등 상승세 - 매일경제
업종을 살펴보면 코스피 금속 업종이 전일 대비 4.15% 오르며 상승이 두드러졌고, 그 외에도 코스피 전기·전자(4. 1%), 코스피 건설(4.35%) 등은 상승세를 보였고, 코스피 전기·가스(-1. 오늘 코스피 시장에서 상한가 3개를 포함하여 1664개의 종목이 상",
13,2,news,2026-03-27,"코스피 하락 마감, 5,460.46P (-3.22%↓) 코스피 전기·전자, 코스피 보험 등 하락 주도 - 매일경제
업종을 살펴보면 코스피 종이·목재 업종이 전일 대비 4.58% 오르며 상승이 두드러졌고, 그 외에도 코스피 제약(0.23%) 등은 상승세를 보였고, 코스피 전기·전자(-4.16%) 등은 하락세로 장을 마감했다. 오늘 코스피 시장에서 786개의 ",
13,3,news,2026-03-19,"코스피 마감, 5,925.03P (5.04%↑) SK하이닉스, 삼성전자등 상승세 - 매일경제
업종을 살펴보면 코스피 건설 업종이 전일 대비 8.12% 오르며 상승이 두드러졌고, 그 외에도 코스피 전기·전자(7.13%) 등은 상승세를 보였고, 코스피 종이·목재(-0.99%) 등은 하락세로 장을 마감했다. 오늘 코스피 시장에서 상한가 2개를 포함하여 1646개",
13,4,news,2026-03-26,"코스피 상승 마감, 5,642.21P (1.59%↑) 코스피 증권, 코스피 의료·정밀기기 등 상승 주도 - 매일경제
업종을 살펴보면 코스피 증권 업종이 전일 대비 6.85% 오르며 상승이 두드러졌고, 그 외에도 코스피 의료·정밀기기(5.42%) 등은 상승세를 보였고, 코스피 전기·가스(-0.12%) 등은 하락세로 장을 마감했다. 오늘 코스피 시장에서 상한가",
13,5,news,2026-04-13,"코스피 상승 마감, 5,858.87P (1.4%↑) 코스피 의료·정밀기기, 코스피 운송·창고 등 상승 주도 - 매일경제
업종을 살펴보면 코스피 의료·정밀기기 업종이 전일 대비 3.92% 오르며 상승이 두드러졌고, 그 외에도 코스피 운송·창고(3. 2%) 등은 상승세를 보였고, 코스피 제약(-0.06%) 등은 하락세로 장을 마감했다. 오늘 코스피 시장에서 상",
13,6,news,2026-04-07,"코스피 상승 마감, 5,450.33P (1.36%↑) 코스피 전기·전자, 코스피 화학 등 상승 주도 - 매일경제
업종을 살펴보면 코스피 전기·전자 업종이 전일 대비 2.57% 오르며 상승이 두드러졌고, 그 외에도 코스피 화학(2.14%), 코스피 일반서비스(1.63%) 등은 상승세를 보였고, 코스피 기계·장비(-1. 오늘 코스피 시장에서 상한가 2개를 포함",
13,7,news,2026-04-15,"코스피 상승 마감, 5,967.75P (2.74%↑) 코스피 증권, 코스피 전기·가스 등 상승 주도 - 매일경제
업종을 살펴보면 코스피 증권 업종이 전일 대비 6.98% 오르며 상승이 두드러졌고, 그 외에도 코스피 전기·가스(4.39%) 등은 상승세를 보였고, 코스피 금속(-0.18%) 등은 하락세로 장을 마감했다. 오늘 코스피 시장에서 상한가 2개를 포함",
13,8,news,2026-03-12,"코스피 마감, 5,609.95P (1.4%↑) 삼성바이오로직, SK스퀘어등 상승세 - 매일경제
업종을 살펴보면 코스피 증권 업종이 전일 대비 7.53% 오르며 상승이 두드러졌고, 그 외에도 코스피 보험(4.84%) 등은 상승세를 보였고, 코스피 기계·장비(-1.17%) 등은 하락세로 장을 마감했다. 오늘 코스피 시장에서 상한가 1개를 포함하여 1570개의 ",
13,9,news,2026-04-16,"코스피 마감, 6,091.39P (2.07%↑) 두산에너빌리티, 삼성바이오로직등 상승세 - 매일경제
업종을 살펴보면 코스피 건설 업종이 전일 대비 5.98% 오르며 상승이 두드러졌고, 그 외에도 코스피 기계·장비(3.16%), 코스피 제약(3.11%) 등은 상승세를 보였고, 코스피 증권(-1. 오늘 코스피 시장에서 상한가 2개를 포함하여 1603개의 종목이",
13,10,news,2026-03-16,"코스피 마감, 5,487.24P (-1.72%↓) LG에너지솔루션, SK스퀘어등 하락세 - 매일경제
업종을 살펴보면 코스피 건설 업종이 전일 대비 6.02% 오르며 상승이 두드러졌고, 그 외에도 코스피 전기·가스(0.98%), 코스피 기계·장비(0.09%) 등은 상승세를 보였고, 코스피 화학(-3. 오늘 코스피 시장에서 930개의 종목이 상승했고, 1352",
14,1,post,2026-04-28,"노조 리스크로 단기 조정 예상하며 일부 매도했습니다
오늘 장 마감 후 삼성전자 30주를 매도했습니다. AI 수요와 HBM 호황은 여전히 매력적이지만, 최근 노조의 성과급 요구가 거세지면서 기업 가치 훼손 우려가 커졌어요. 고밸류에이션 구간에서 안전마진이 부족하다고 판단해, 상승 모멘텀이 약화될 수 있는 시점에 수익을 일부 실현하는 게 낫다고 생각했거든요. ",
14,2,post,2026-04-24,"노조 파업 우려에 따른 저가 매수 시도
오늘 삼성전자는 노조 파업과 실적 하방 압력으로 단기 하락세가 우세하더군요. 거시 변수도 혼조상이고 AI 경쟁 심화로 반도체 업황이 부정적이라는 분석도 많습니다. 하지만 이런 악재로 밸류에이션이 일시적으로 저평가된 기회라고 봐서 오늘 장 마감 직전 21만 9천500원에 100주를 추가 매수했습니다. 과거 t078 매수",
14,3,post,2026-04-30,"노조 리스크에도 실적은 믿고 추가 매수했습니다.
오늘 장 마감 직전 삼성전자 주가가 좀 흔들리면서 차익 실현 매물이 나오길래, 저는 오히려 기회로 봤습니다. 최근 t086 때 비싸게 잡혀서 손실이 좀 있었지만, 이번에는 노조 파업이라는 명확한 운영 리스크가 있음에도 불구하고 AI 반도체 수혜와 실적 호조라는 큰 그림이 더 중요하다고 생각했거든요. 특히 장기",
14,4,post,2026-04-30,"실적 호재에도 노조 리스크... 차익실현 단행했습니다 📉
오늘 삼성전자 장 마감 후 100주를 매도 처리했습니다. 실적은 역대 최고지만, 이미 주가에 다 반영된 느낌이고 노조 파업 우려로 변동성이 커질 것 같아 조금 일찍 정리했어요.

최근 몇 번 거래하면서 진입 타이밍이 중요하다는 걸 다시 느꼈습니다. 너무 올라갈 때 무리하게 매수했다가 손실을 보고, 반",
14,5,post,2026-04-24,"노조 파업 우려에 매수 타이밍 잡았나?
오늘 장 마감 직후 삼성전자 100주를 21만 9천5백원에 매수했습니다. 최근 노조 갈등과 AI 경쟁 심화로 인해 단기 변동성이 커질 것이라는 전망이 지배적이었는데, 오히려 밸류에이션이 합리적 수준으로 조정된 점을 기회로 보고 진입했습니다.

과거 t078 매수 때처럼 진입 직후 하락할까 봐 걱정도 되었지만, 이번에는",
14,6,post,2026-04-30,"실적 호조에 노조 리스크... 오늘 다시 진입했습니다.
오늘 장 마감 직전 삼성전자 100주를 매수했습니다. 역대 최대 실적과 AI 반도체 호황은 분명 매력적이지만, 최근 노조 파업 우려로 심리가 양극화되어 있죠. 기술적 지표와 추세를 중시하는 저로서는 실적이 주는 상승 모멘텀이 더 강력하다고 판단했습니다.

과거 매수 후 하락이나 매도 후 하락을 반복하며",
14,7,post,2026-04-28,"노조 리스크에도 불구하고 매수했습니다 (22 만 2 천원)
오늘 장 마감 직후 삼성전자 주식을 추가로 사들였습니다. 코스피 사상 최고치와 AI 수요로 인한 상승 모멘텀은 강하지만, 노조의 고액 성과급 요구라는 거대한 불확실성 때문에 시장 분위기는 여전히 양극화되어 있더군요. 저로서는 밸류에이션이 높긴 하지만 반도체 업황 회복을 고려하면 적정 수준이라고 판단",
14,8,post,2026-04-30,"고점 매도 성공! 노조 리스크 대비 차익실현 완료했습니다.
오늘 장 마감 직전 삼성전자 200주를 전량 매도했습니다. 22만 원 선에서 정리했는데, 역시나 고점에서의 매도가 정답이었네요.

AI 수요와 실적 호조로 상승 모멘텀은 확실히 유지되고 있지만, 노조 파업 소식으로 인한 하방 압력과 기술적 과열 신호가 겹치니 위험 부담이 너무 컸습니다. 최근 손절 ",
14,9,post,2026-04-24,"노조 리스크에 단기 차익실현 매도 완료...
오늘 장 마감 직전 삼성전자 100주를 매도했습니다. 노조 파업 우려와 AI 경쟁 심화로 단기 변동성이 커질 것 같아 기술적 돌파 신호를 기다리면서 먼저 수익을 챙기는 게 낫겠다고 판단했거든요. 과거에는 상승분을 놓치는 실수를 많이 해서 이제는 손실 방어와 수익 실현 타이밍에 더 신경 쓰고 있습니다. 중장기 우상",
14,10,post,2026-04-24,"신고가 부근이라 노조 리스크 먼저 챙기고 일부 매도했습니다.
오늘 장 마감 직전 삼성전자 100주를 정리했어요. AI 수요와 반도체 호황은 여전히 좋지만, 최근 노조 파업 소식이 나오면서 변동성이 너무 커졌더라고요. 특히 신고가 부근인데 밸류에이션 부담이 느껴져서 안전마진이 부족하다고 판단했거든요. 고점 부근에서 조금이라도 차익실현을 하고 리스크를 줄이는 ",
15,1,post,2026-03-16,"초고수들 매도세에도 파운드리 호재 믿고 추가 매수했습니다.
오늘 장 마감 후 다시 한번 생각해보니, 초고수들의 순매도 물량과 중동 리스크로 인한 불안감은 여전하지만 파운드리 실적 호조와 목표가 상향 (27 만원) 은 무시할 수 없는 강력한 모멘텀인 것 같습니다. 과거에 수익 실현 타이밍을 놓쳐 기회 손실을 본 적이 많아, 이번엔 조금 더 내릴 때 담아가는 ",
15,2,post,2026-03-16,"파운드리 실적 호조, 오늘 저가 매수 진입했습니다!
오늘 장이 막바지에 접어들면서 파운드리 실적 호조와 DS투자증권의 27 만 원 목표가 소식에 마음이 따뜻해지네요. FOMC 전이라 중동 리스크로 등락이 심할 수 있다는 건 알지만, 반도체 업황은 여전히 빅테크 수요로 밝고 밸류에이션도 매력적이에요. 최근 t012, t021 매수는 적중했는데 t020 매도는",
15,3,post,2026-03-16,"초고수 매도세에도 파운드리 호재 믿고 소량 진입
오늘 장 마감 후 다시 한번 정리해 봅니다. 초고수들의 순매도로 심리가 불안했던 건 사실이지만, 파운드리 실적 호조와 목표가 상향이라는 확실한 근거를 보고 기다리던 기술적 돌파 신호가 왔습니다. 18 만 8 천 7 백 원에 10 주 정도 소량으로 매수했습니다.

최근 t012, t020, t021 거래에서 타",
15,4,post,2026-03-16,"초고수들 팔 때 나는 산다? 파운드리 호재 믿고 18 만 8 천원 매수
오늘 장 마감 직전 초고수들이 삼성전자 순매도 한다는 뉴스가 떠돌았는데, 오히려 저가 매수 기회라고 생각했네요. DS투자증권에서 27 만 원 목표가 제시한 대로 밸류에이션은 매력적이고, 파운드리 실적 호조로 상승 모멘텀이 있는 건 확실하죠. FOMC 전 중동 리스크로 변동성은 클 수 있",
15,5,post,2026-03-16,"초고수들 매도세에도 파운드리 기대감으로 진입했습니다 📈
오늘 장 마감 직전 다시 한 번 삼성전자를 사봤습니다. 초고수들의 순매도 세력이 부담스럽긴 하지만, 파운드리 실적 호조와 빅테크 ASIC 수요로 인한 펀더멘털 개선은 분명히 느껴지거든요. DS투자증권의 27 만원 목표가도 매력적으로 다가왔고요.

과거 처분효과 때문에 수익을 조금 일찍 끊어내 아쉬웠던 ",
15,6,post,2026-03-16,"파운드리 실적 호조, 초고수 매도세에도 한 손가락 꽂았습니다.
오늘 장 마감 직전, 파운드리 수익성 개선과 DS투자증권의 27 만원 목표가를 보고 저평가 구간이라고 판단해 10 주를 매수했습니다. (18 만 8 천 7 백 원)

초고수들의 순매도와 FOMC 전 중동 리스크로 시장이 긴장감에 휩싸여 있지만, AI 칩 수요로 인한 TSMC 대체 수혜는 분명히 ",
15,7,post,2026-03-16,"초고수들의 매도 물량에 흔들리지 않고 손절한 하루
오늘 장 마감 후 정리했습니다. 파운드리 실적 호조와 목표가 상향으로 우상향 모멘텀이 있지만, FOMC 앞둔 지정학적 리스크와 초고수들의 순매도 흐름을 경계해야 한다는 판단이 들었습니다.

저는 가치 투자자로서 내재가치가 충분히 반영된 구간에서 분할 매수를 해왔는데, 오늘 그중 일부를 수익 실현하며 청산했습",
15,8,post,2026-03-16,"파운드리 호재에 매수 진입했습니다. (삼성전자)
오늘 장 마감 후 삼성전자를 추가로 매수했습니다. 파운드리 실적 개선과 DS투자증권의 27 만 원 목표가 리포트로 인해 현재 주가는 저평가 구간이라고 판단했기 때문입니다. FOMC 전 중동 리스크 등 거시적 불확실성이 남아있어 변동성은 있겠지만, AI 칩 수요와 TSMC 대체 수혜라는 장기적인 성장 모멘텀이 ",
15,9,post,2026-03-16,"초고수들 매도세에도 파운드리 호재 믿고 추가 매수했습니다
오늘 장 마감 직후 삼성전자를 50주 더 사들였습니다. 초고수들의 순매도 물량 때문에 시장 심리가 냉각될 수 있다는 우려가 있지만, 파운드리 실적 호조와 ASIC 수요 증가로 인한 TSMC 대체 흐름은 분명히 강세 신호라고 봅니다. DS투자증권의 27 만원 목표가는 저평가 구간을 잘 보여주고 있어요.",
15,10,post,2026-03-16,"초고수들 매도세에도 파운드리 실적 믿고 다시 진입했습니다.
오늘 장 마감 후 다시 한번 생각해보니, 초고수들의 순매도 세력이 강해서 시장 심리는 헷갈리지만 삼성전자의 펀더멘털은 확실히 좋아지고 있더라고요. 특히 파운드리 실적 호조와 목표가 상향 소식은 저로서는 놓칠 수 없는 신호였어요. 1 분기 영업익 40 조 원 달성이라는 건 단순한 숫자가 아니라 내재가",
