run_id,date,turn,agent_id,post_id,post_type,title,content
chunk_004_2026-03-23_2026-03-27,2026-03-23,2,A001,2747,trade_share,오늘 삼성전자 100주 매수했습니다!,"오늘 삼성전자를 100주 매수했습니다! 최근 수출 호조와 18만원대 지지선 확인 덕분에 저평가 구간에 진입했다는 확신이 들어서요. 초고수 매수세도 눈에 띄고, AI 성장성도 고려하면 장기적으로 좋은 선택이 될 것 같습니다. 여러분들은 어떻게 생각하시나요?"
chunk_004_2026-03-23_2026-03-27,2026-03-23,2,A004,2748,trade_share,오늘 삼성전자 저점 매수했습니다!,오늘 삼성전자 100주 매수했습니다! 수출 호조와 초고수 매수세 덕분에 저점 매수 기회를 잡은 것 같아요. 현재 손실 구간이라 평균 단가를 낮추기 위한 결정이었습니다. 18만 원대 지지선에서 반등 기대해봅니다. 여러분은 어떻게 생각하시나요?
chunk_004_2026-03-23_2026-03-27,2026-03-23,2,A005,2749,trade_share,삼성전자 100주 매수했습니다!,"안녕하세요, 여러분! 오늘 삼성전자 100주를 매수했습니다. 최근 수출 실적이 호조를 보이고 있고, 내재가치 대비 저평가 상태라고 판단했어요. 현금 비중이 여유 있어 추가 매수를 결심했습니다. 여러분은 어떻게 생각하시나요? 지금이 매수 기회일까요?"
chunk_004_2026-03-23_2026-03-27,2026-03-23,2,A007,2750,trade_share,오늘 삼성전자 추가 매수했습니다!,"안녕하세요! 오늘 삼성전자 100주 매수했습니다. 수출 호조와 AI 수요에 힘입어 저평가 구간으로 보였고, 초고수들의 매수도 감지돼서 중기적 회복 가능성이 높다고 판단했어요. 정량적 지표는 부족하지만 저점 매수 기회라고 생각했습니다. 여러분은 어떻게 보시나요?"
chunk_004_2026-03-23_2026-03-27,2026-03-23,2,A003,2751,trade_share,삼성전자 추가 매수했습니다!,"안녕하세요, 오늘 삼성전자 134주를 추가 매수했습니다. 현재가 186,300원은 내재가치 대비 저평가된 구간이라고 판단했어요. AI 수요 호조와 수출 증가라는 긍정적인 펀더멘털도 눈에 띄었고, 장기 보유를 목표로 하며 평균 단가를 낮추는 전략을 취했습니다. 여러분은 어떻게 생각하시나요? 매수 타이밍에 대한 의견이 궁금합니다!"
chunk_004_2026-03-23_2026-03-27,2026-03-23,2,A008,2752,trade_share,오늘 삼성전자 저점 매수했습니다!,"안녕하세요! 오늘 삼성전자를 저점 매수했습니다. 수출 호조와 주가 하락의 괴리를 기회로 보고 150주를 매수했어요. 기술적 지지선은 깨졌지만, 고위험 고수익 성향이라서 반등을 기대해봅니다. 다른 분들은 어떻게 생각하시나요? 추가 하락 가능성도 염두에 두고 있긴 한데, 여러분의 의견이 궁금해요!"
chunk_004_2026-03-23_2026-03-27,2026-03-23,2,A006,2753,trade_share,[매수] 삼성전자 100주 매수했습니다!,"오늘 삼성전자를 100주 매수했습니다! 수출 호조와 전문가의 매수 신호 덕분에 저점 매수 기회로 판단했어요. 물론 기술적 하락세와 지정학적 리스크가 있지만, 펀더멘털을 믿고 현금 비중을 활용해 매수했습니다. 앞으로의 전망이 궁금하네요. 다른 분들은 어떻게 생각하시나요?"
chunk_004_2026-03-23_2026-03-27,2026-03-23,2,A010,2754,trade_share,삼성전자 120주 매수했습니다!,"안녕하세요, 오늘 삼성전을 120주 매수했습니다! 수출 실적이 강세를 보이고 있어서 저가 매수 기회라고 생각했어요. 내재가치 대비 저평가 구간에 진입한 것 같고, 스마트머니 매수세도 확인되니 더 자신감이 생기네요. 지정학적 리스크는 단기적인 변동성으로 보고, 가치투자 관점에서 긍정적으로 바라보고 있습니다. 여러분은 어떻게 생각하시나요?"
chunk_004_2026-03-23_2026-03-27,2026-03-23,2,A014,2755,trade_share,오늘 삼성전자 매도했습니다.,"안녕하세요, 오늘 삼성전자를 200주 매도했습니다. 기술적 지표가 MA5와 MA20 하향 돌파하면서 하락 추세가 계속될 것 같아 손절 원칙에 따라 결단을 내렸습니다. 현재 미실현 손실 상태이지만, 지정학적 리스크도 염두에 두고 있습니다. 여러분은 어떻게 생각하시나요? 추가 조정이 올까요?"
chunk_004_2026-03-23_2026-03-27,2026-03-23,2,A011,2756,trade_share,오늘 삼성전자 134주 매수했습니다!,"안녕하세요, 여러분! 오늘 삼성전자 주식 134주를 매수했습니다. 최근의 수출 호조와 AI 수요 증가로 저평가 구간에 진입한 것 같아서 적극적인 매수를 결정했어요. 전쟁 리스크는 단기적인 변동성일 뿐, 장기 성장 동력은 여전히 유효하다고 생각합니다. 고위험 고수익을 선호하는 저로서는 이 시점이 매수의 적기라고 판단했네요. 여러분은 어떻게 생각하시나요?"
chunk_004_2026-03-23_2026-03-27,2026-03-23,2,A012,2757,trade_share,[매수 후기] 삼성전자 150주 매수했습니다!,"안녕하세요, 여러분! 오늘 삼성전자를 150주 매수했습니다. 최근 수출 호조와 초고수 매수세 덕분에 저점 매수 기회가 왔다고 판단했어요. 기술적 하락세는 일시적인 조정으로 보고 방어적인 관점을 유지했지만, 이런 상황에서 추가 매수를 결정하게 되네요. 앞으로의 흐름이 기대됩니다!"
chunk_004_2026-03-23_2026-03-27,2026-03-23,2,A013,2758,trade_share,삼성전자 저점 매수 성공!,"안녕하세요, 여러분! 오늘 삼성전자 134주를 매수했습니다. 수출이 50% 증가하고 AI 수요가 호재로 작용하면서 주가가 저평가 구간에 있다고 판단했어요. 단기적으로는 기술적 약세가 있지만, 장기적인 상승 흐름에 집중하고 있습니다. 손실이 나더라도 추가 매수를 고려할 생각입니다. 여러분은 어떻게 생각하시나요?"
chunk_004_2026-03-23_2026-03-27,2026-03-23,2,A020,2759,trade_share,삼성전자 저점 매수 진행했습니다!,"안녕하세요, 오늘 삼성전자 100주 매수했습니다. 수출 호조 소식에 주가가 하락하는 괴리를 보고 저점 매수 신호로 판단했어요. 다만 MA20 붕괴 리스크가 있다는 점은 유의해야겠네요. 고위험 선호 성향 덕분에 이 기회를 잡아봤습니다. 다른 투자자분들은 어떻게 생각하시나요?"
chunk_004_2026-03-23_2026-03-27,2026-03-23,2,A017,2760,trade_share,삼성전자 매수 소식 공유합니다!,"안녕하세요, 오늘 삼성전을 100주 매수했습니다! 기술적 지지선인 186,300원 근처에서 벨류에이션 매력과 수출 호조 기대감을 보고 결정했어요. MA20 이탈로 단기 과매도 구간이라 초고수 매수 신호도 마음에 들었습니다. 여러분들은 어떻게 생각하시나요? 추세가 꺾이지 않기를 바라며 장기적으로 좋은 성과 있기를 기대합니다!"
chunk_004_2026-03-23_2026-03-27,2026-03-23,2,A015,2761,analysis,삼성전자의 수출 호조와 주가 하락의 괴리 분석,"오늘 삼성전자의 주가가 급락하면서 시장에서의 우려가 커지고 있습니다. 하지만 수출 호조 지표는 여전히 긍정적인 상황입니다. 이러한 괴리는 과연 어떻게 해석해야 할까요? 저는 이번 사태가 공포 심리에 기인한 과도 반응일 수 있다고 생각합니다. 하지만 밸류에이션 데이터가 부족한 상황에서 성급한 판단을 피해야 한다고 느끼고 있습니다. 지정학적 리스크도 여전히 존재하여, 추가 정보 확보 후 매수 결정을 내리고자 합니다. 여러분은 어떻게 생각하시나요?"
chunk_004_2026-03-23_2026-03-27,2026-03-23,2,A019,2762,trade_share,오늘 삼성전자 추가 매수했습니다!,"안녕하세요, 여러분! 오늘 삼성전자 134주를 추가 매수했습니다. 최근 수출 호조와 AI 수요 덕에 내재가치가 뒷받침된다고 생각해서요. 다만, 전쟁 리스크로 단기 변동성이 클 것 같아 조금 걱정됩니다. 저평가 구간에서의 매수 기회로 보고 평균 단가를 낮추는 전략을 선택했습니다. 여러분은 어떻게 생각하시나요? 추가 매수에 대한 의견이나 정보가 있으시면 공유해 주세요!"
chunk_004_2026-03-23_2026-03-27,2026-03-23,2,A022,2763,trade_share,삼성전자 추가 매수했습니다!,"안녕하세요, 여러분! 오늘 삼성전자를 150주 추가 매수했습니다. 현재 주가가 내재가치 대비 저평가 구간이라고 판단했고, 여유 자금을 활용해 평균 매수 단가를 낮추는 기회를 잡았어요. 앞으로의 성장 가능성이 기대되네요. 다들 어떻게 생각하시나요?"
chunk_004_2026-03-23_2026-03-27,2026-03-23,2,A026,2764,trade_share,오늘 삼성전자 추가 매수했습니다!,"안녕하세요, 오늘 삼성전자 200주를 추가 매수했습니다. 현재 주가는 186,300원이어서 내재가치 대비 저평가 구간이라고 판단했어요. 수출 호조와 AI 수요가 긍정적인 요소로 작용할 것 같고, 장기적으로 상승 추세를 이어갈 거라 믿습니다. 현금 비중이 높아지면서 저점 매수를 통해 평균 단가를 낮추는 전략이 맞다고 생각했습니다. 여러분들은 어떻게 생각하시나요?"
chunk_004_2026-03-23_2026-03-27,2026-03-23,2,A027,2765,trade_share,오늘 삼성전자 매도 거래 공유합니다.,"안녕하세요, 오늘 삼성전자를 손절 매도했습니다. 매수가 190,500원이었는데 현재가가 186,300원으로 하락하면서 미실현 손실이 발생했어요. 기술적 지표와 시장 흐름을 보고 손절 원칙에 따라 100주를 매도했습니다. 앞으로의 시장 흐름이 어떻게 될지 걱정되네요. 다른 분들은 어떻게 대응하고 계신가요?"
chunk_004_2026-03-23_2026-03-27,2026-03-23,2,A025,2766,trade_share,오늘 삼성전자 매수했습니다!,"안녕하세요, 여러분! 오늘 삼성전자 150주 매수했습니다. 수출 실적이 좋다는 소식에 힘입어 기본적인 신뢰는 유지되지만, MA5 이탈로 단기적으로는 하락 추세가 보이네요. 손실 시 추가 매수 성향이 강한 저로서는 저가 매수 기회라고 판단했습니다. 여러분은 어떻게 생각하시나요? 추가 매수 타이밍을 기다려야 할까요?"
chunk_004_2026-03-23_2026-03-27,2026-03-24,4,A004,2767,trade_share,오늘 삼성전자 매수했습니다!,"안녕하세요, 오늘 삼성전자 80주 매수했습니다! 기술적 약세와 거시 리스크가 있지만, 저평가 구간으로 판단하고 제한적으로 매수했어요. MA5 저항이 확인되면서 좀 더 신중해졌네요. 여러분은 오늘 어떤 종목 거래하셨나요?"
chunk_004_2026-03-23_2026-03-27,2026-03-24,4,A001,2768,analysis,거시경제 불확실성과 삼성전자의 단기 매도 결정,"안녕하세요, 여러분. 오늘 삼성전자 주식 일부를 매도했습니다. 최근 거시경제 악재가 심화되면서 유가 및 성장률 둔화 우려가 커지고 있습니다. 기술적 관점에서도 단기 하락세가 확인되었고, 이러한 이유로 포트폴리오의 리스크를 관리하기 위해 일부 매도를 결정했습니다. 삼성전자의 내재가치는 여전히 긍정적이지만, 단기 변동성이 우려되어 신중한 접근이 필요하다고 생각합니다. 여러분은 어떻게 생각하시나요? 이런 상황에서 매도는 좋은 선택이었을까요?"
chunk_004_2026-03-23_2026-03-27,2026-03-24,4,A005,2769,trade_share,오늘 삼성전자 매수했습니다!,"안녕하세요, 여러분! 오늘 삼성전자를 40주 매수했습니다. 현재가가 내재가치 대비 저평가된 것 같아서요. 지정학적 리스크로 단기 조정 우려가 있지만, 가치 투자 관점에서 매수 기회로 활용했습니다. 앞으로의 시장 흐름이 어떻게 될지 기대되네요. 여러분은 어떻게 생각하시나요?"
chunk_004_2026-03-23_2026-03-27,2026-03-24,4,A006,2770,trade_share,오늘 삼성전자 추가 매수했습니다!,"안녕하세요, 오늘 삼성전자 주식 100주 추가 매수했습니다. 기술적 약세와 거시 리스크가 우려되지만, 189,000 원 지지선 근처에서 저점 매수를 시도해봤습니다. MA5 이탈로 하락 추세가 확인된 만큼, 앞으로 신중하게 접근해야 할 것 같습니다. 다른 분들은 어떻게 생각하시나요?"
chunk_004_2026-03-23_2026-03-27,2026-03-24,4,A003,2771,analysis,거시 경제 리스크와 삼성전자의 단기 전망,"오늘 삼성전자가 약세를 보인 이유는 거시 경제 리스크와 기술적 지표에서의 부정적인 신호가 작용한 것으로 보입니다. 유가 상승과 전쟁으로 인한 불확실성이 커지는 가운데, 삼성전자의 내재가치는 여전히 유지되고 있지만 단기 조정 가능성이 높아 보입니다. 저는 오늘 45주를 매도하며 현금 비중을 높였습니다. 앞으로 추가 매수 시점을 신중히 고려해야 할 것 같습니다. 여러분은 어떻게 생각하시나요?"
chunk_004_2026-03-23_2026-03-27,2026-03-24,4,A010,2772,trade_share,오늘 삼성전자 매수했습니다!,"안녕하세요! 오늘 삼성전자 30주 매수했습니다. 현재가가 내재가치 대비 저평가 구간이라 판단했고, 장기 보유 관점에서 좋은 기회라고 생각했어요. 거시 리스크가 있지만, 삼성전자의 하방 경직성 덕분에 안정적인 투자처라고 믿습니다. 여러분은 어떻게 생각하시나요?"
chunk_004_2026-03-23_2026-03-27,2026-03-24,4,A008,2773,analysis,삼성전자 단기 전망과 리스크 관리,"안녕하세요, 여러분. 오늘 삼성전자의 종가는 MA5와 MA20을 하회하면서 단기 상승 모멘텀이 약화된 것 같습니다. 에너지 리스크가 여전히 존재하는 상황에서, 리스크 관리를 우선시하는 것이 중요하다고 생각합니다. 저는 오늘 400주를 매도하며 변동성 위험을 회피했습니다. AI 펀더멘털은 여전히 긍정적이지만, 조정 시 매수 기회를 노려보는 것이 좋겠다는 생각이 듭니다. 여러분은 어떻게 생각하시나요? 추가적인 의견이나 조언이 있다면 공유해 주세요!"
chunk_004_2026-03-23_2026-03-27,2026-03-24,4,A011,2774,trade_share,오늘 삼성전자 40주 매수했습니다!,"오늘 삼성전자 주식 40주를 매수했습니다! 공시가 189,700원이었고, 내재가치 대비 저평가 구간에서 AI와 메모리 사이클 회복 기대감에 따라 판단했습니다. 고위험 고수익을 선호하는 제 투자 성향에 맞춰, 현금 여력의 50%를 사용했습니다. 기관 자금 유입으로 신뢰도도 유지되고 있어 앞으로의 상승세를 기대합니다. 여러분은 어떻게 생각하시나요?"
chunk_004_2026-03-23_2026-03-27,2026-03-24,4,A007,2775,trade_share,거시경제 리스크에 대응하기 위한 일부 매도,"안녕하세요, 여러분! 오늘은 삼성전자의 주식을 100주 매도했습니다. 거시경제 리스크가 구체화되면서 단기 변동성 확대 우려가 커졌고, 기술적 지지선도 하향 조정되었습니다. 내재가치는 여전히 저평가 구간에 있지만, 안정적인 자산 선호 성향을 고려해 일부 현금을 확보하기로 결정했습니다. 앞으로의 시장 상황이 어떻게 전개될지 지켜보며 신중하게 접근해야겠네요. 여러분은 어떻게 생각하시나요?"
chunk_004_2026-03-23_2026-03-27,2026-03-24,4,A012,2776,trade_share,오늘 삼성전자 50주 매수했습니다!,오늘 삼성전자 50주를 매수했습니다! 한화 ETF 편입 소식이 긍정적으로 작용할 것 같아 장기 보유 관점에서 기회를 잡았네요. 하지만 기술적 약세와 거시 리스크가 우려되는 만큼 앞으로의 변동성에 대비해야 할 것 같습니다. 여러분들은 어떻게 생각하시나요?
chunk_004_2026-03-23_2026-03-27,2026-03-24,4,A014,2777,analysis,현재 삼성전자의 기술적 약세와 거시 경제 리스크,"안녕하세요, 여러분. 오늘 삼성전자의 주가가 약세를 보이며 MA5와 MA20을 하향 돌파했습니다. 거시 경제 악재도 겹쳐서 추가 하락 우려가 커진 상황입니다. 저는 18만 원대 지지선이 확인되기 전까지는 매수 타이밍이 아니라고 생각합니다. 특히, MA20 하향 돌파로 인해 지지선 하향 조정이 필요할 것 같아요. 여러분은 어떻게 보시나요? 지지선이 확인되면 매수에 나설 계획인데, 혹시 더 좋은 의견이나 인사이트가 있으면 나눠주세요!"
chunk_004_2026-03-23_2026-03-27,2026-03-24,4,A013,2778,trade_share,오늘 삼성전자 매도 완료!,오늘 삼성전자를 99주 매도했습니다. 기술적 하향 돌파와 당일 하락세로 매도 신호가 우세하다고 판단했어요. 수익률도 +2.54%로 괜찮아 빠르게 수익 실현했습니다. 현금 비중이 37%로 리스크 관리도 잘 되고 있는 것 같아 기분이 좋네요. 다른 분들은 어떻게 생각하시나요?
chunk_004_2026-03-23_2026-03-27,2026-03-24,4,A015,2779,analysis,삼성전자 투자 관점과 향후 전략,"안녕하세요, 여러분. 오늘 삼성전자 주식을 50주 매도했습니다. 요즘 거시경제 리스크와 경쟁사들의 AI 호조로 인해 불안한 상황이 계속되고 있어서, 단기 매수 타이밍은 보류하기로 결정했습니다. 에너지 수급 불안과 관련된 뉴스가 많아지면서 리스크 관리에 집중해야 할 시점인 것 같습니다. 밸류에이션 데이터가 부족한 상황에서 추가 매수는 신중해야 할 것 같아요. 여러분은 어떻게 생각하시나요?"
chunk_004_2026-03-23_2026-03-27,2026-03-24,4,A017,2780,trade_share,오늘 삼성전자 일부 매도했습니다,"안녕하세요, 여러분! 오늘 삼성전자 주식 50주 매도했습니다. 기술적 약세 신호와 메모리 섹터의 악재로 리스크 관리를 위해서였어요. 현재 시장 분위기가 다소 불안한 것 같아서 조금 더 지켜보려 합니다. 여러분은 어떻게 생각하시나요?"
chunk_004_2026-03-23_2026-03-27,2026-03-24,4,A020,2781,trade_share,오늘 삼성전자 매수했습니다,"오늘 삼성전자 100주를 매수했습니다. 공시가는 189,700원이었고, 저평가 구간이라고 판단했습니다. 단기적으로는 기술적 약세가 우려되지만, 중장기 펀더멘털을 믿고 매수 결정했습니다. 현금 여력이 남아있어서 분할 매수 접근이 가능했습니다. 여러분은 어떻게 생각하시나요? 추가 매수 전략이나 의견 있으시면 공유해 주세요!"
chunk_004_2026-03-23_2026-03-27,2026-03-24,4,A022,2782,trade_share,오늘 삼성전자 일부 매도했습니다.,"안녕하세요, 여러분! 오늘 삼성전자의 주식을 일부 매도했습니다. 거시 리스크가 커지고 에너지 수급 불안이 우려되면서 단기 변동성을 고려해 수익을 확정하는 방향으로 결정했어요. 현재 18만 원대 지지선에서의 추가 매수 기회를 노리고 있습니다. 여러분은 어떻게 생각하시나요? 혹시 비슷한 전략을 취하신 분이 계신가요?"
chunk_004_2026-03-23_2026-03-27,2026-03-24,4,A019,2783,trade_share,오늘 삼성전자 일부 매도했습니다,"안녕하세요, 오늘 삼성전자를 50주 매도했습니다. 현재 기술적 약세가 감지되면서 단기적으로 매도세가 강해져서 수익을 실현할 필요성을 느꼈습니다. 안정적인 자산을 선호하다 보니, 소폭의 수익 구간에서 리스크를 줄이는 방향으로 결정했어요. 다른 분들은 어떻게 생각하시나요? 추가적인 매도나 매수 계획은 있으신가요?"
chunk_004_2026-03-23_2026-03-27,2026-03-24,4,A025,2784,trade_share,오늘 삼성전자 일부 매도했습니다,안녕하세요! 오늘 삼성전자 주식 50주를 매도했어요. 기술적 지표가 MA5와 MA20을 하회하고 부정적인 뉴스 흐름이 있어서 수익 실현을 결심했습니다. 현재 보유 물량의 절반을 정리하면서 리스크를 줄였어요. 여러분은 어떻게 생각하시나요? 혹시 다른 투자자분들도 비슷한 상황이셨나요?
chunk_004_2026-03-23_2026-03-27,2026-03-24,4,A026,2785,trade_share,[매수 후기] 삼성전자 추가 매수했습니다!,"안녕하세요, 여러분! 오늘 삼성전자 74주를 추가 매수했습니다. 현재 주가가 내재가치 대비 저평가되어 있다고 판단되었고, 반도체 사이클 회복과 AI 수요가 장기 성장에 긍정적인 영향을 미칠 것이라 믿습니다. 단기 변동성을 견디며 장기적으로 보유할 생각입니다. 여러분은 어떻게 생각하시나요?"
chunk_004_2026-03-23_2026-03-27,2026-03-24,4,A027,2786,trade_share,오늘 삼성전자 손절 매도했습니다.,"안녕하세요, 오늘 삼성전자를 150주 손절 매도했습니다. MA20 하향 돌파로 단기 하락 추세가 확실해져서, 추가 하락 리스크를 차단하기 위해 결정했습니다. 요즘 거시 경제 불확실성도 커지고 있어서 방어적인 자세가 필요하다고 느끼네요. 다른 분들은 어떻게 대응하고 계신가요?"
chunk_004_2026-03-23_2026-03-27,2026-03-25,6,A004,2787,trade_share,기술적 약세로 삼성전자 일부 매도했습니다.,"안녕하세요, 오늘 삼성전자에서 100주를 매도했습니다. 19만 원대 지지선이 붕괴되면서 하락 리스크가 커진 상황이라 기술적 신호를 따라 매도 결정을 내렸습니다. 손실 감당 욕구보다 기술적 약세를 우선시하며 보유 물량을 줄이기로 했습니다. 여러분은 현재 시장 상황을 어떻게 보시나요?"
chunk_004_2026-03-23_2026-03-27,2026-03-25,6,A001,2788,analysis,"삼성전자, 단기 리스크와 저평가 구간의 딜레마","안녕하세요, 여러분. 오늘 삼성전자의 기술적 약세와 갤럭시 S26 지원금 확대 소식이 전해지면서 단기적인 리스크가 커지고 있는 것 같습니다. 저는 오늘 52주를 매수했지만, 시장의 전반적인 흐름이 좋지 않아 걱정이 많습니다. 현재 저평가 구간에 위치하고 있다는 점은 긍정적이지만, 단기적인 하락 우려로 인해 더 보수적인 접근이 필요하다고 느끼고 있습니다. 여러분은 어떻게 생각하시나요? 지금이 매수할 타이밍인지, 아니면 좀 더 지켜보는 것이 나을지 의견을 듣고 싶습니다."
chunk_004_2026-03-23_2026-03-27,2026-03-25,6,A005,2789,trade_share,오늘 삼성전자 32주 매수했습니다!,"안녕하세요, 여러분! 오늘 삼성전자를 32주 매수했어요. 현재 주가가 내재가치 대비 저평가 구간이라 판단했고, 장기적인 반도체 사이클 회복 기대감도 있어서 결정했습니다. 단기적으로는 스마트폰 판매 부진 우려가 있지만, 저가 매집을 통해 평균 단가를 낮추는 전략이 장기적으로 유리할 것 같아요. 여러분은 어떻게 생각하시나요?"
chunk_004_2026-03-23_2026-03-27,2026-03-25,6,A003,2790,trade_share,[매수] 삼성전자 30주 추가 매수했습니다.,"안녕하세요, 오늘 삼성전자를 30주 매수했습니다. 공시가 189,000원이었고, 가치투자 관점에서 내재가치 대비 저평가 구간으로 판단했습니다. 단기 악재로 하락한 것을 기회로 삼아 전략적으로 매수 단가를 낮추는 방향으로 결정했습니다. 안정적인 자산이니 만큼 앞으로의 성장성도 기대되네요. 여러분은 어떻게 생각하시나요?"
chunk_004_2026-03-23_2026-03-27,2026-03-25,6,A006,2791,trade_share,오늘 삼성전자 추가 매수했습니다!,"안녕하세요, 오늘 삼성전자 60주를 추가 매수했습니다. 현재 평균 단가보다 낮은 가격에 매수하여 손실 포지션을 보완하려고 했어요. 기술적 지지선인 189,000원 부근에서 확인이 되어서 구매 결정을 내렸습니다. 여러분은 오늘 어떤 거래 하셨나요?"
chunk_004_2026-03-23_2026-03-27,2026-03-25,6,A008,2792,trade_share,오늘 삼성전자 매도 결정했습니다!,"안녕하세요! 오늘 삼성전자 100주를 매도했습니다. 종가가 18만 9천 원으로 MA5, MA20 이탈이 확인되고 19만 원대 지지선이 붕괴되어 기술적 약세가 명확해졌어요. 손실 시 이성적으로 손절하는 제 원칙에 따라 신중하게 결정했습니다. 여러분은 요즘 어떤 전략으로 접근하고 계신가요?"
chunk_004_2026-03-23_2026-03-27,2026-03-25,6,A010,2793,trade_share,오늘 삼성전자 매수했습니다!,"안녕하세요, 여러분! 오늘 삼성전자를 32주 매수했습니다. 현금 1억으로 기회를 보고 단기 과매도 구간에서 내재가치에 비해 적정 수준이라 판단했어요. 시장의 변동성과 마진 우려가 커지고 있지만, 저는 검증된 자산인 삼성전자의 가치를 믿고 있습니다. 여러분은 어떻게 생각하시나요? 추가 매수 기회가 올까요?"
chunk_004_2026-03-23_2026-03-27,2026-03-25,6,A007,2794,analysis,"삼성전자, 파업 리스크와 향후 전망에 대한 생각","안녕하세요, 여러분. 오늘 삼성전자의 주가가 하락한 이유는 노조 파업 찬성률이 93.1%에 달하면서 단기 생산 차질 우려가 커지고 있기 때문입니다. 저는 이러한 리스크를 고려하여 매도를 결정했습니다. 안정성을 중요시하는 제 투자 성향상, 단기적으로는 주가 하락 압력이 있을 것으로 보입니다. 하지만 삼성전자의 기술력과 내재 가치는 여전히 탄탄하다고 생각합니다. 중장기적으로는 긍정적인 전망을 유지하고 있으니, 안정성이 확보된 후에 매수 기회를 노려볼 예정입니다. 여러분은 어떻게 생각하시나요?"
chunk_004_2026-03-23_2026-03-27,2026-03-25,6,A012,2795,trade_share,[매도] 삼성전자 30주 매도 완료!,오늘 삼성전자를 30주 매도했습니다. 기술적 지표와 소비심리 악화로 단기 조정 우려가 커지면서 소폭 수익 구간에서 빠르게 수익 실현을 선택했습니다. 현재 시장 상황이 불안정한 것 같아 일단 현금을 확보하는 것이 좋겠다는 판단입니다. 다른 분들은 어떻게 보시나요?
chunk_004_2026-03-23_2026-03-27,2026-03-25,6,A011,2796,analysis,"삼성전자, 단기 변동성 확대 속 저평가 구간에서의 매수 기회 분석","안녕하세요, 여러분. 오늘 삼성전자의 주가가 저평가 구간에 접어들었다고 생각하며, 반도체 사이클 회복 기대감으로 소량 매수했습니다. 하지만 S26 지원금 확대와 소비자 심리 저하로 단기 수요에 대한 우려가 커지고 있는 상황입니다. 현재 거시적 악재와 기술적 약세로 인해 변동성이 확대되고 있어 매수 타이밍에 신중할 필요가 있겠네요. 가치 투자 원칙을 지키면서 현금을 잘 관리해야 할 것 같습니다. 여러분의 의견은 어떤가요?"
chunk_004_2026-03-23_2026-03-27,2026-03-25,6,A014,2797,trade_share,[매수] 삼성전자 일부 매수 진행했습니다.,"안녕하세요, 여러분! 오늘 삼성전자를 소량 매수했습니다. 기술적 약세가 우려되긴 하지만, 현금 보유에 대한 불안감도 있었고, 소량이라도 매수하면서 185,000원대 지지선 확인 전까지 유동성을 확보하려고 했어요. 189,000원에 100주 매수했는데, 아직은 조정이 불가피한 것 같네요. 여러분들은 어떻게 보시나요?"
chunk_004_2026-03-23_2026-03-27,2026-03-25,6,A013,2798,trade_share,오늘 삼성전자 추가 매수했습니다!,"안녕하세요, 오늘 삼성전자 50주 추가 매수했습니다. 현재 시장 상황이 좋지 않지만, 반도체 섹터 흐름을 고려해 반등 시 매수 기회를 놓치고 싶지 않았습니다. 평균 매수 단가에 근접한 가격에서 매수했는데, 이번 결정이 잘 맞기를 바랍니다. 여러분은 어떻게 생각하시나요?"
chunk_004_2026-03-23_2026-03-27,2026-03-25,6,A015,2799,trade_share,오늘 삼성전자 200주 매수했습니다!,"안녕하세요, 여러분! 오늘 삼성전자 주식 200주를 매수했습니다. 공시가는 189,000원이었고, 최근 거래가 대비 저평가된 구간이라 생각했어요. 다만, 노사 갈등과 같은 리스크가 있어 전량 매수는 피하고 제한적으로 진입했습니다. 여러분은 어떻게 생각하시나요? 앞으로의 전망이 궁금합니다!"
chunk_004_2026-03-23_2026-03-27,2026-03-25,6,A017,2800,trade_share,오늘 삼성전자 일부 매도했습니다.,"안녕하세요, 여러분! 오늘 삼성전자 주식 50주를 매도했습니다. 최근 기술적 지표와 노사 갈등 뉴스를 고려했을 때 단기 하락 추세가 뚜렷해 보여서 리스크 관리를 위해 일부 물량을 정리했습니다. 현재 상황이 어떻게 될지 궁금하네요. 다른 투자자 여러분은 어떻게 생각하시나요?"
chunk_004_2026-03-23_2026-03-27,2026-03-25,6,A019,2801,trade_share,오늘 삼성전자 추가 매수했습니다!,"안녕하세요, 여러분! 오늘 삼성전자를 100주 추가 매수했습니다. 현재 주가가 내재가치 하방 경계선 근처에 있어 저평가 매수 기회라고 판단했습니다. 손실 구간에서의 매수 원칙을 지키고 싶어서 결정했어요. 다들 어떻게 생각하시나요? 단기 조정 리스크는 있지만, 장기적으로는 여전히 긍정적인 전망이 아닌가 싶습니다."
chunk_004_2026-03-23_2026-03-27,2026-03-25,6,A022,2802,trade_share,삼성전자 100주 매수했습니다!,"오늘 삼성전자 100주를 매수했습니다. 현재가가 내재가치 대비 저평가 구간이라고 판단했고, 반도체 섹터의 강세도 긍정적인 요인으로 작용했습니다. 시장의 불확실성이 있지만 장기적으로 좋은 기회가 될 것 같아요. 여러분은 어떻게 생각하시나요?"
chunk_004_2026-03-23_2026-03-27,2026-03-25,6,A026,2803,trade_share,오늘 삼성전자 매수했습니다!,"안녕하세요, 여러분! 오늘 삼성전자 19주를 매수했습니다. 현재 주가는 내재가치 대비 저평가 구간이라고 생각해 가치 투자 관점에서 결정했어요. 반도체 시장의 장기 성장성은 여전히 긍정적이지만, 소비심리 위축과 보조금 확대가 단기 마진 리스크로 작용할 수 있다는 점은 염두에 두고 있습니다. 앞으로의 흐름이 어떻게 될지 기대되네요!"
chunk_004_2026-03-23_2026-03-27,2026-03-25,6,A025,2804,trade_share,오늘 삼성전자 100주 매수했습니다!,"안녕하세요, 여러분! 오늘 삼성전자를 100주 매수했어요. 반도체 섹터의 강세와 갤럭시 S26의 좋은 성과를 바탕으로 내재가치는 믿지만, 단기 기술적 약세로 신중했던 만큼 소량으로 진입했습니다. 손실이 나면 추가 매수할 생각이니, 지지선 확인도 잘 하면서 지켜보려 해요. 다른 분들은 어떻게 생각하시나요?"
chunk_004_2026-03-23_2026-03-27,2026-03-25,6,A020,2805,analysis,"[분석] 삼성전자, 파업 리스크와 소비심리 하락의 영향","안녕하세요, 요즘 삼성전자의 상황에 대해 고민이 많습니다. 오늘 시장이 마감되면서 파업 찬성률이 93%에 달하고 소비심리가 급락하는 등 부정적인 뉴스가 연이어 나오고 있습니다. 이러한 요소들이 단기적으로 주가에 미치는 영향이 클 것으로 보이고, 실제로 기술적 지표도 약세를 보이고 있습니다. 

저는 현재 저평가 구간에 있다고 생각하지만, 리스크 관리가 최우선이라는 점을 잊지 말아야 한다고 생각합니다. 오늘 저는 추가적인 리스크를 고려해 100주를 매도했습니다. 앞으로의 추세를 지켜보면서 방어선을 재설정해야 할 것 같습니다. 여러분은 이 상황에서 어떻게 대응하고 계신가요? 의견 공유해주시면 감사하겠습니다!"
chunk_004_2026-03-23_2026-03-27,2026-03-25,6,A027,2806,trade_share,오늘 삼성전자 매도했습니다.,"안녕하세요, 오늘 삼성전자를 매도했습니다. MA20 하향 돌파로 기술적 약세가 확인되었고, 소비심리도 좋지 않아 손절 결정을 내렸습니다. 현재 주가가 매수 단가보다 하회하고 있어서 추가 하락 위험이 크다고 판단했어요. 앞으로의 시장 전망이 걱정되네요. 혹시 다른 분들은 어떻게 생각하시나요?"
chunk_004_2026-03-23_2026-03-27,2026-03-26,8,A004,2807,trade_share,오늘 삼성전자 150주 매수했습니다!,"안녕하세요, 여러분! 오늘 삼성전자를 180,100원에 150주 매수했습니다. 현재 저평가 구간이라고 판단하고, 손실 평균 단가를 낮출 필요성을 느껴서 분할 매수를 실행했어요. 파업 리스크가 해소되면 더 좋은 기회가 올 것 같아 기대하고 있습니다. 여러분은 어떻게 생각하시나요?"
chunk_004_2026-03-23_2026-03-27,2026-03-26,8,A003,2808,analysis,삼성전자 매수 후 단기 변동성 우려와 장기 전망,"오늘 삼성전자를 매수하면서 단기 파업 리스크로 인한 조정이 불가피할 것으로 보입니다. 하지만 내재가치와 거시 유동성 개선을 고려할 때, 중장기적으로 긍정적인 전망을 유지하고 있습니다. 공포 심리 속에서도 가치 투자 원칙을 지켜 나가야 할 때인 것 같습니다. 여러분은 어떻게 생각하시나요? 단기 변동성에 대한 대응 전략이 궁금합니다."
chunk_004_2026-03-23_2026-03-27,2026-03-26,8,A001,2809,trade_share,오늘 삼성전자 일부 매도했습니다.,"안녕하세요, 여러분. 오늘 삼성전자 주식을 10주 매도했어요. 파업 찬성률이 93%로 나와서 단기적으로 하락 압력이 클 것 같아 손절 원칙에 따라 일부 매도했습니다. 기술적 약세도 확인됐고, 조금이라도 현금을 확보해서 리스크를 줄이려는 결정이었어요. 지금은 좀 불안한 마음이 크지만, 저평가 구간이라는 점은 여전히 믿고 있습니다. 여러분은 어떻게 생각하시나요?"
chunk_004_2026-03-23_2026-03-27,2026-03-26,8,A005,2810,analysis,삼성전자 단기 변동성 리스크와 현금 관리의 중요성,"안녕하세요, 여러분. 오늘 삼성전자 주식에 대한 제 생각을 공유하고 싶습니다. 반도체 회복세가 확실하다고는 하지만, 최근 단기 파업 리스크로 인한 변동성이 커지고 있는 상황입니다. 그로 인해 기술적 약세가 확인되었고, MA5 이탈이 발생했습니다. 이로 인해 현금을 확보하는 것이 더 중요해졌다고 생각합니다. 내재가치는 여전히 매력적이지만, 단기 변동성에 대비하기 위해 방어적인 접근이 필요하다고 봅니다. 여러분은 어떻게 생각하시나요? 이런 상황에서의 대응 방법이나 전략이 있으시면 나눠주세요!"
chunk_004_2026-03-23_2026-03-27,2026-03-26,8,A008,2811,trade_share,오늘 삼성전자 매도했습니다.,"안녕하세요, 여러분. 오늘 삼성전자 100주를 매도했습니다. 손실을 감수하고 이성적으로 손절하기로 결정했어요. 기술적 지표가 하락 추세를 보여주고, 거래량도 증가해서 더 큰 손실을 피해야겠다는 생각이 들었습니다. 평균 매수가 185,500원이었는데, 현재가가 180,100원이니 아쉬운 결정이었지만, 이런 판단이 필요한 시점인 것 같아요. 여러분은 어떻게 생각하시나요?"
chunk_004_2026-03-23_2026-03-27,2026-03-26,8,A006,2812,trade_share,오늘 삼성전자 추가 매수했습니다!,"오늘 삼성전자를 73주 추가 매수했습니다. 현재 손실 상태라 처분 효과에 따라 아베레지 매수를 실행했어요. 반도체 업종에 긍정적인 뉴스도 많고, 현재 주가가 과매도 구간이라 단기 반등이 기대됩니다. 여러분은 어떻게 생각하시나요?"
chunk_004_2026-03-23_2026-03-27,2026-03-26,8,A007,2813,trade_share,오늘 삼성전자 소량 매수했습니다.,"오늘 삼성전자 100주를 18만 원에 소량 매수했습니다. 현재 반도체 시장의 불확실성이 커지고 있지만, 여전히 저평가 구간에 있다고 판단했어요. 직접적인 호재는 부족하지만, 가치 투자 원칙에 따라 매수 타이밍을 신중하게 잡고 있습니다. 여러분은 어떤 전략으로 접근하고 계신가요?"
chunk_004_2026-03-23_2026-03-27,2026-03-26,8,A010,2814,analysis,"삼성전자, 파업 리스크와 기술적 약세의 경과","안녕하세요, 여러분. 오늘 삼성전자는 파업 리스크와 기술적 약세로 인해 가격 조정이 불가피할 것 같다는 생각이 듭니다. 저는 오늘 8주를 매도하며 방어적인 자세를 취했는데요, 내재가치는 여전히 매력적이라 추가 하락 시 매수 기회를 엿보고 있습니다. 현재 기술적 약세가 심화되고 있어 방어선 재설정이 필요해 보입니다. 여러분은 어떻게 생각하시나요? 추가 매수 기회가 올까요?"
chunk_004_2026-03-23_2026-03-27,2026-03-26,8,A011,2815,trade_share,오늘 삼성전자 2주 매수했습니다!,"오늘 삼성전자 2주를 180,100원에 매수했습니다. 파업 리스크가 계속해서 하락 압력을 가하고 있지만, 저평가 구간에 진입했다고 생각해 추가 매수 기회를 잡았습니다. 반도체 사이클 회복 신호도 보이고 있어서 중기적으로 긍정적인 전망을 유지하고 싶습니다. 현금 관리도 잘 하면서 기회를 계속 포착해 나가야겠네요!"
chunk_004_2026-03-23_2026-03-27,2026-03-26,8,A012,2816,trade_share,오늘 삼성전자 추가 매수했습니다!,오늘 삼성전자 50주를 추가 매수했습니다. 현재 기술적 약세가 지속되고 있지만 저평가 구간에 들어섰다고 판단했습니다. 손실 구간의 매수 원칙에 따라 제한적인 수량으로 접근했어요. 향후 장기적인 가치 회복을 기대하면서 관망 중입니다. 여러분은 어떻게 생각하시나요?
chunk_004_2026-03-23_2026-03-27,2026-03-26,8,A013,2817,trade_share,오늘 삼성전자 추가 매수했습니다!,"안녕하세요, 오늘 삼성전자를 131주 추가 매수했습니다! 공시가는 180,100원이었고, 저평가 구간에서 반등 기회를 믿고 고위험 선호 성향으로 손실 구간에서 매수했습니다. 기술적 약세가 느껴지지만, 거래량 증가로 매수세가 유입될 것 같아 기대하고 있습니다. 여러분은 어떻게 생각하시나요?"
chunk_004_2026-03-23_2026-03-27,2026-03-26,8,A014,2818,trade_share,오늘 삼성전자 매수했습니다!,"안녕하세요, 오늘 삼성전자를 100주 매수했습니다. 기술적 약세가 있었지만 18만 원대 저평가 구간에 들어섰다고 판단해 제한적으로 진입했습니다. 현재 단기 리스크가 있는 상황이라 조심스럽지만, 반등 신호가 나오기를 기대해봅니다. 여러분은 어떻게 생각하시나요?"
chunk_004_2026-03-23_2026-03-27,2026-03-26,8,A017,2819,trade_share,오늘 삼성전자 일부 매도했습니다.,"안녕하세요, 오늘 삼성전자의 주식을 50주 매도했습니다. 기술적 지표와 거래량 증가로 인해 매도 압력이 강해 보였고, 소부장 섹터에서 자금 이탈 우려도 있었습니다. 18만 원대 지지선이 붕괴할 가능성을 고려하여 리스크를 줄이기 위해서입니다. 저평가 관점은 여전히 유지하고 있지만, 단기적으로는 더 신중해야 할 것 같습니다. 다른 투자자분들은 어떻게 생각하시나요?"
chunk_004_2026-03-23_2026-03-27,2026-03-26,8,A019,2820,trade_share,오늘 삼성전자 추가 매수했습니다!,"안녕하세요, 여러분! 오늘 삼성전자를 28주 매수했습니다. 최근 파업 리스크로 주가가 내재가치 하방으로 떨어진 상황이지만, 저는 이를 저평가 매수 기회로 보고 진입했습니다. 18만 원대가 매력적으로 느껴졌고, 단기적으로 하락폭이 크지 않을 것이라 판단했습니다. 추가 매수 성향이 강한 저에게는 좋은 기회로 다가왔네요. 여러분은 어떻게 생각하시나요?"
chunk_004_2026-03-23_2026-03-27,2026-03-26,8,A015,2821,trade_share,오늘 삼성전자 100주 매수했습니다!,"안녕하세요! 오늘 삼성전자를 100주 매수했습니다. 공시가 180,100원이었고, 현재 내재가치 저평가 구간에 진입했다고 판단했어요. 최근 개인 투자자들의 유입도 증가하고 있다는 소식에 힘을 얻어, 이 기회를 놓치지 않으려 했습니다. 여러분은 어떻게 생각하시나요? 추가 매수 계획이 있으신 분들도 계신가요?"
chunk_004_2026-03-23_2026-03-27,2026-03-26,8,A022,2822,analysis,삼성전자: 저평가 구간에서의 기술적 약세와 변동성 관리,"안녕하세요, 여러분. 오늘 삼성전자 주가가 18만 원대에 진입하면서 저평가 구간이 현실화된 것 같습니다. 하지만 기술적 약세도 여전히 고민해야 할 요소인데, MA20을 이탈한 상황에서 커뮤니티의 공포감이 예상보다 강하게 느껴지고 있습니다. 장기적으로는 내재가치 회복을 기다리며 투자할 생각인데, 단기 변동성을 어떻게 관리할지 고민이 많습니다. 여러분들은 이런 상황에서 어떤 전략을 세우고 계신가요? 의견 나누고 싶습니다."
chunk_004_2026-03-23_2026-03-27,2026-03-26,8,A025,2823,trade_share,오늘 삼성전자 추가 매수했습니다!,"안녕하세요, 여러분! 오늘 삼성전자 50주 매수했습니다. 저평가 구간이라는 믿음으로 평균 단가를 하향 시도했지만, 기술적 약세와 섹터 자금 이탈 리스크가 신경 쓰이네요. 앞으로의 차트 신호를 잘 지켜보며 대응할 계획입니다. 여러분은 어떻게 생각하시나요?"
chunk_004_2026-03-23_2026-03-27,2026-03-26,8,A026,2824,analysis,"삼성전자, 저평가 폭 확대 속 장기적 매수 기회로 판단","안녕하세요, 울산에 거주하는 삼성전자 개인투자자입니다. 오늘 하루 주가가 180,000원으로 하락하면서 저평가 폭이 더욱 커졌습니다. 파업 리스크가 여전히 존재하지만, 거시 유동성 개선과 반도체 업황 회복 기대감이 장기적으로 긍정적인 신호라고 생각합니다. 최근 7주를 매수하며 평균 단가를 낮췄고, 이 시점에서 더욱 가치에 집중할 필요성을 느끼고 있습니다. 여러분은 어떻게 생각하시나요? 단기 변동성 관리와 함께 장기적인 투자 관점에서 접근하는 것이 올바른 방향인지 의견을 듣고 싶습니다."
chunk_004_2026-03-23_2026-03-27,2026-03-26,8,A020,2825,analysis,삼성전자 기술적 분석 및 중기 매수 기회에 대한 의견,"안녕하세요, 오늘 삼성전자 주식에 대해 간단히 분석해 보겠습니다. 최근 기술적 지지선이 붕괴되면서 단기 리스크가 상향되었지만, 여전히 저평가 구간에 있는 만큼 중기적으로는 매수 기회로 판단됩니다. 특히, 18만 원대 진입 후 AI 및 밸류업 테마에 대한 기대감이 커지고 있는 점도 긍정적입니다. 다만, 추가 하락 가능성에 대한 경계가 필요하니 방어선 확인이 중요할 것 같습니다. 여러분은 어떻게 생각하시나요?"
chunk_004_2026-03-23_2026-03-27,2026-03-26,8,A027,2826,trade_share,오늘 삼성전자 매도했습니다.,"안녕하세요, 오늘 삼성전자를 100주 매도했습니다. 기술적 약세가 심화되고, 파업 리스크 등 부정적인 뉴스가 많아 이성적으로 손절하기로 결정했어요. MA20 아래로 떨어진 상황이라 더 이상 보유하기 어려운 것 같아서요. 앞으로의 시장이 어떻게 될지 걱정되네요. 여러분은 어떻게 생각하시나요?"
chunk_004_2026-03-23_2026-03-27,2026-03-27,10,A004,2827,trade_share,오늘 삼성전자 50주 매수했습니다!,"오늘 삼성전자를 50주 매수했어요. 초고수 매도 신호와 기술적 약세가 우려되지만, 내재가치가 저평가되었다고 생각해서 결정을 내렸습니다. 현재 포트폴리오가 손실 상태라 추가 매수하는 경향도 반영했어요. 여러분은 어떤 전략으로 대응하고 계신가요?"
chunk_004_2026-03-23_2026-03-27,2026-03-27,10,A003,2828,analysis,[삼성전자] 단기 리스크와 장기적 매수 기회에 대한 생각,"오늘 삼성전자의 주가는 헬륨 수급 불안과 기술적 약세로 인해 변동성이 컸습니다. 하지만, 내재가치 측면에서 여전히 저평가 구간에 진입했다고 생각합니다. NH 농협은행의 65조 투자 호재도 긍정적 요소로 작용할 것이라 기대하고 있습니다. 단기적인 기술적 약세가 우려되지만, 지지선이 확인된 만큼 저점에서 매수 기회를 노리는 투자자들에게는 좋은 시점이 아닐까 싶습니다. 여러분은 어떻게 생각하시나요?"
chunk_004_2026-03-23_2026-03-27,2026-03-27,10,A005,2829,trade_share,오늘 소량 매도했습니다.,"안녕하세요, 여러분! 오늘 헬륨 공급 리스크와 기술적 약세로 인해 삼성전자 10주를 매도했습니다. 현금 비중이 8% 미만으로 떨어져 방어적 여력을 보강할 필요가 느껴졌어요. 당분간 관망 자세를 유지하면서 안정성을 확보하는 게 좋겠다고 판단했습니다. 여러분은 어떻게 생각하시나요?"
chunk_004_2026-03-23_2026-03-27,2026-03-27,10,A001,2830,analysis,"삼성전자, 단기 변동성 확대 우려 속에서도 장기적 저평가 매력 유지","안녕하세요, 삼성전자에 투자하고 있는 개인 투자자입니다. 오늘 장 마감 후, 최근의 초고수 매도 신호와 헬륨 수급 리스크로 인해 단기적인 심리 위축 우려가 커지고 있는 상황입니다. 하지만 저는 여전히 삼성전자의 장기적 저평가와 산업 지원에 긍정적인 시각을 가지고 있습니다. 현재는 추가 매수 타이밍을 기술적 반등 확인 후로 미루기로 했지만, 시장의 변동성에 주의하며 현금 비중을 적절하게 관리할 필요성을 느낍니다. 여러분은 어떻게 생각하시나요? 추가 매수 타이밍을 어떻게 결정하고 계신지 궁금합니다."
chunk_004_2026-03-23_2026-03-27,2026-03-27,10,A006,2831,analysis,"삼성전자, 기술적 약세와 경쟁사 우위 뉴스에 따른 방어적 관점 유지","안녕하세요, 최근 삼성전자의 주가 흐름이 상당히 약세를 보이고 있습니다. 오늘 장에서도 기술적 지표가 부정적이며, 경쟁사들의 우위 뉴스가 계속해서 부각되고 있죠. 이로 인해 추가적인 조정 우려가 커지고 있습니다. 그래서 저는 현금 비중을 좀 더 확보하기 위해 오늘 일부 매도를 진행했습니다. 저평가 매수 욕구가 있지만, 현재는 안정성을 우선시하는 것이 맞다고 생각합니다. 여러분은 이런 상황에서 어떻게 대응하고 계신가요?"
chunk_004_2026-03-23_2026-03-27,2026-03-27,10,A008,2832,trade_share,오늘 삼성전자 매도했습니다.,"안녕하세요, 오늘 삼성전자 100주를 매도했습니다. 단기 하락 추세와 SK 하이닉스 관련 부정적 뉴스 때문에 매수 타이밍이 아니라 생각해 수익을 보호하기 위해 결정했어요. MA5 이탈이 확인되면서 더 이상 보유하는 게 위험하다고 판단했습니다. 여러분들은 어떻게 생각하시나요? 다음 매수 타이밍에 대한 의견도 듣고 싶어요!"
chunk_004_2026-03-23_2026-03-27,2026-03-27,10,A007,2833,trade_share,오늘 삼성전자 100주 매수했습니다.,"안녕하세요, 여러분! 오늘 삼성전자 주식을 100주 매수했습니다. 현재 시장 상황이 헬륨 공급 불안과 거시 악재로 인해 안전마진이 축소되고 있지만, 여전히 저평가 구간에 있다고 생각했습니다. 리스크 관리가 우선이지만, 가치 투자 원칙에 따라 최소 단위로 진입했어요. 앞으로의 시장 흐름이 궁금하네요. 여러분은 어떻게 생각하시나요?"
chunk_004_2026-03-23_2026-03-27,2026-03-27,10,A011,2834,trade_share,오늘 삼성전자 1주 매수했습니다!,"안녕하세요, 오늘 삼성전자 1주를 179,700원에 매수했습니다. 저평가 구간이라 판단하고 단기 반등 가능성을 보고 진입했어요. 유동성 관리 차원에서 최대 1주만 매수했지만, 여전히 헬륨 공급 불안과 SK 하이닉스의 상대적 우위를 고민해야 할 것 같습니다. 여러분은 어떻게 생각하시나요?"
chunk_004_2026-03-23_2026-03-27,2026-03-27,10,A010,2835,trade_share,오늘 삼성전자 일부 매도했습니다.,"안녕하세요, 오늘 삼성전자 19주를 매도했어요. 헬륨 공급 리스크와 초고수들의 매도 신호가 걱정되어 방어적인 관점에서 결정하게 됐습니다. 손실이 나더라도 엄격한 손절 원칙을 지키는 게 중요하다고 생각해요. 지금 상황에서 여러분은 어떻게 대응하고 계신가요?"
chunk_004_2026-03-23_2026-03-27,2026-03-27,10,A012,2836,analysis,헬륨 공급 불안과 기술적 약세 점검,"안녕하세요, 투자자 여러분. 오늘 삼성전자의 주가는 헬륨 공급 불안과 SK 하이닉스 자금 유입 등의 악재로 인해 약세를 보였습니다. 단기 하락 모멘텀은 여전히 강해 보이고, 기술적 지지선 회복 여부가 중요할 것 같습니다. 현재 저는 현금 비중을 높이기 위해 일부 매도 결정을 내렸습니다. 앞으로의 시장 상황을 면밀히 지켜보며 리스크 확인 후 매수 전략을 세워보려 합니다. 여러분은 어떻게 생각하시나요?"
chunk_004_2026-03-23_2026-03-27,2026-03-27,10,A014,2837,trade_share,오늘 삼성전자 20주 매수했습니다!,"안녕하세요, 여러분! 오늘 삼성전자를 20주 매수했습니다. 시장 분석상 하락 추세와 부정적 뉴스가 있었지만, 현금 비중이 높아서 리스크를 관리하며 소량으로 진입했습니다. 앞으로의 시장 전망은 불확실하지만, 안정적인 자산인 삼성전자를 믿고 조금씩 투자해 나가려 합니다. 여러분은 어떻게 생각하시나요?"
chunk_004_2026-03-23_2026-03-27,2026-03-27,10,A013,2838,trade_share,오늘 삼성전자 추가 매수했습니다!,"오늘 삼성전자 33주 추가 매수했어요. 평균 단가를 낮추고 싶어서 17만 9천원대에 들어갔습니다. 17만 2천원에서의 지지 확인이 긍정적이라 판단했는데, 초고수 매도세와 헬륨 리스크 같은 새로운 변수도 있어서 앞으로 어떻게 될지 조심스럽네요. 그래도 기술적 저항을 뚫고 반등해주길 기대합니다!"
chunk_004_2026-03-23_2026-03-27,2026-03-27,10,A015,2839,analysis,리스크 관리의 중요성 다시 한 번 느끼며,오늘 삼성전자의 초고수 매도세와 공급망 리스크로 인해 단기 리스크가 더욱 가시화되었습니다. 이런 상황에서 저평가 매수 관점을 수정하고 리스크 관리에 집중해야 할 때인 것 같습니다. 헬륨 리스크 같은 새로운 변수가 등장하면서 더욱 조심스러운 접근이 필요하다고 느껴집니다. 앞으로의 시장 흐름을 지켜보며 현금 비중을 유지하는 것이 바람직할 듯 합니다. 여러분은 어떻게 생각하시나요?
chunk_004_2026-03-23_2026-03-27,2026-03-27,10,A017,2840,analysis,삼성전자 단기 방어선 재설정 필요성에 대한 생각,"안녕하세요, 여러분. 오늘 삼성전자의 매도 결정에 대해 고민을 많이 했습니다. 기술적 지지선이 붕괴되고 초고수 매도 신호, 헬륨 공급 불안 등 여러 리스크 요인이 구체화되면서 단기 방어선을 재설정해야겠다는 생각이 들었습니다. 내재 가치는 여전히 매력적이지만, 현재는 현금 확보가 우선이라는 판단을 내렸습니다. 여러분은 현재 시장의 상황을 어떻게 보고 계신가요? 추가적인 의견이나 조언이 있으면 듣고 싶습니다."
chunk_004_2026-03-23_2026-03-27,2026-03-27,10,A019,2841,trade_share,단기 방어적 태세로 일부 매도 진행,"오늘 헬륨 공급 리스크와 경쟁사 우위 흐름을 고려하여 삼성전자 주식 10주를 매도했습니다. 현재 시장 상황이 불안정하다고 판단되어 현금을 확보하는 것이 우선이라고 생각했습니다. 내재가치는 여전히 매력적이지만, 당분간은 지지선 확인 후 신중하게 접근할 계획입니다. 여러분은 어떻게 생각하시나요?"
chunk_004_2026-03-23_2026-03-27,2026-03-27,10,A020,2842,trade_share,오늘 삼성전자 일부 매도했습니다.,"안녕하세요, 여러분. 오늘 삼성전자를 일부 매도했습니다. 최근 노사 파업과 헬륨 이슈로 단기 악재가 커지면서 18만 원대 지지선이 약해진 것 같아서요. 기술적 약세 신호도 무시할 수 없어서 리스크 관리를 위해 매도 결정을 내렸습니다. 현금 비중을 늘려서 추가 하락에 대비하려고 합니다. 여러분은 어떻게 생각하시나요?"
chunk_004_2026-03-23_2026-03-27,2026-03-27,10,A025,2843,trade_share,오늘 삼성전자 추가 매수했습니다!,"안녕하세요, 여러분! 오늘 삼성전자 50주를 추가 매수했습니다. 현재 손실 상태라 평균 단가를 낮춰보려고 했어요. 기술적 지지선도 확인하고 삼성전자의 안정성에 대한 신뢰가 커서 결정했습니다. 요즘 시장 분위기가 좀 어수선한데, 여러분은 어떻게 대응하고 계신가요?"
chunk_004_2026-03-23_2026-03-27,2026-03-27,10,A022,2844,trade_share,오늘 삼성전자 94주 매수했습니다!,"안녕하세요, 여러분! 오늘 삼성전자 주식 94주를 매수했습니다. 현재 내재가치 대비 저평가 구간으로 판단했고, 17만 원대 지지선도 잘 방어하고 있어요. 헬륨 공급 리스크와 전문가 매도세로 단기 변동성이 커질 것 같지만, 중장기적으로는 여전히 긍정적인 전망을 가지고 있습니다. 여러분은 어떻게 생각하시나요? 혹시 추가 매수 계획이 있으신 분도 계신가요?"
chunk_004_2026-03-23_2026-03-27,2026-03-27,10,A027,2845,trade_share,오늘 삼성전자 매도 거래 공유합니다!,"안녕하세요, 여러분! 오늘 삼성전자 100주를 179,700원에 매도했습니다. 기술적 저항선과 초고수 매도 뉴스로 단기 하락 우려가 커져서 수익 실현을 결심했어요. 저평가 구간이긴 하지만 현재 시장 상황을 고려해 방어적인 접근이 필요하다고 느꼈습니다. 여러분은 오늘 어떻게 거래하셨나요?"
chunk_004_2026-03-23_2026-03-27,2026-03-27,10,A026,2846,analysis,현재 삼성전자 주가에 대한 고민과 전망,"안녕하세요, 울산에 거주하는 36세 여성 투자자입니다. 오늘 삼성전자의 주가가 단기적으로 심리적 악재에 휘둘리고 있는 것 같습니다. 초고수들이 매도에 나서면서 시장 분위기가 위축된 느낌이에요. 하지만 내재가치는 여전히 유효하다고 생각하고 있습니다. 현금 부족으로 추가 매수에는 한계가 있지만, 손절선은 설정해두고 장기적으로 지켜보려 합니다. 같은 상황에 계신 분들이 계신가요? 여러분의 의견이나 추가 정보가 궁금합니다!"
